LAcode,LAname,Overcrowding,Nocentralheating,Loneparents,Nocarorvan,Noquals,Unemployed,PeoplewithLLTI,Socialhousing,Ethnicminorities,Semiroutine,Routine
E06000005,Darlington,4.55110349260767,1.74416113134776,12.0012856224555,27.966573816156,17.0268089303326,8.41330529535462,19.6307453298473,15.4874651810585,6.31465272251904,16.5211717883474,13.3594310693547
E06000047,County Durham,3.62685039968186, ,11.1986881319732,27.223048842062,18.1056312009444,7.89914994506448,23.6313473955756,20.1087563616216,3.42489507873479,16.9136728887221,15.8235104065702
E06000001,Hartlepool,4.3132017608943,1.43443636543503,13.3427313646931,35.2871345897017,22.0791403718233,13.3781920983155,23.1614291302647,23.5321758915764,3.37288651280045,17.9345548170768,16.5139811987306
E06000002,Middlesbrough,6.9908920860794,1.82158278411971,14.9170498050802,37.5644634022691,22.5406272988698,14.3899161814575,20.8637979365951,23.8693774802021,13.948212582724,17.2768048055216,15.3394794681306
E06000048,Northumberland,3.6121096626099,1.34118700102502,9.66333174527553,22.0472952488198,14.8588439992356,7.34475402585915,20.725378763907,18.6531826122107,2.82601541635551,15.7976880595479,12.5908997358762
E06000003,Redcar and Cleveland,3.84699270195453,1.7347537958225,12.2875597684758,28.4120459692979,19.2840878254817,11.4973390999566,22.7235402472314,19.4077678047144,2.40351539093189,17.8972947356746,15.3916734726802
E06000004,Stockton-on-Tees,4.52254323576599,1.1773771775793,12.3232986773456,25.9275635114137,16.3329372470936,9.62376740446062,19.0010959762017,17.2121931808133,6.599342414279,15.9220498528304,13.4614017375972
E08000020,Gateshead,6.15564080131009,1.30336272068556,11.8850528299347,36.51098099917,18.596442446571,8.40581769464208,22.1522970421649,27.975188998811,5.92316221642842,17.2887445215054,14.9366216681636
E08000021,Newcastle upon Tyne,9.08384761807209,1.51681988510751,11.1205005420262,41.7001698633411,16.5104091294371,10.9760262277167,18.7656374363349,29.7474243083831,18.0803563461669,13.1454825616356,11.4082230907998
E08000022,North Tyneside,4.30144038556328,1.45243441590449,11.4343611369735,31.6172846267594,15.0593637561348,7.98215122637088,20.6199172314879,21.5532066378224,4.91282413932202,15.6164420612757,12.1976617598334
E08000023,South Tyneside,5.28384474518737,.789077969836378,14.2436017687257,38.4563848318371,18.3665977954209,11.1880772460118,23.2779979342051,31.5690740988878,4.93225407926982,17.6810636716492,15.9780145162918
E08000024,Sunderland,5.68312764074216,.831677215718365,12.7373536632208,35.1492175888041,19.9234438098615,10.4344240788635,23.4303427148592,27.0537250121077,5.18936066728129,17.3289483926208,16.2717949715887
E06000008,Blackburn with Darwen,6.87671089568113,3.6772269977159,12.4474744128468,30.5162763935627,22.570459595369,9.86131575349749,20.232695319651,18.1176224434642,33.4567323664816,16.1305151460011,14.2562992616145
E06000009,Blackpool,7.13098326782357,5.53699877266301,12.8466450199636,36.7191262603508,22.00871898055,10.6498113547883,25.5735050857002,10.8735842900865,6.35131805863513,17.711654609731,14.181268241935
E06000049,Cheshire East,3.5630734879987,2.28485772166507,8.95315508558025,16.1244598315364,11.8089115114892,5.43405870472746,17.5158796845407,11.3778764558677,6.44724648566573,12.9885994988061,9.73822028174628
E06000050,Cheshire West and Chester,4.15859504249092,2.11323369296249,9.81533066557317,18.5920730758898,12.8676208448803,6.36778931741788,18.5053154049659,14.711330439332,5.33815926797893,14.4796528963007,10.6804301782813
E06000006,Halton,4.94822929171669,2.89240696278511,14.4732893157263,26.9732893157263,18.4932837814861,9.35689455388181,21.3644966837911,25.2119597839136,3.60727180188634,17.9315700910385,15.1723691590801
E06000007,Warrington,4.48790227859995,2.24336387127085,10.7152924594785,19.2729621799389,12.5892292572926,6.51890977836467,17.3057143422276,15.6424712238666,7.05144688173744,14.2237774402687,11.9402385906691
E07000026,Allerdale,2.93541150076751,3.10072027394025,9.3210532530405,20.7934821112292,17.5875719370613,5.94285231568499,20.7701561884217,19.1002479631598,2.42372072763477,18.2676322240694,15.073684803742
E07000027,Barrow-in-Furness,3.67986164488855,7.8145016653856,10.9883423007943,29.9289008455035,16.3613968659474,7.92311863589805,24.6399467338284,11.0620035869844,2.91516493696354,18.2200653581981,16.4295638220848
E07000028,Carlisle,4.39162632907203,3.0511770303256,9.86305903768979,24.6824707293865,16.2932966953504,5.96877869605142,19.1799040214278,15.2951884489678,4.96168297310368,18.9259534018182,14.119022770995
E07000029,Copeland,3.53680901231333,2.84254650248887,9.38564317526854,23.3920618286613,17.6009191542014,7.03199791128775,21.3319547328017,18.5616976683259,2.72509666728043,17.4281810936966,15.2821524799818
E07000030,Eden,3.53252614676908,4.13140650088964,7.16486568589159,13.9348175150805,13.0890375073196,3.45888633498925,18.0123278289323,10.072473202274,2.9582984552165,15.3582031754227,11.8936362462889
E07000031,South Lakeland,3.93753222203128,3.94827289912356,6.63559030761299,15.3419831586183,10.7826864147089,3.34448160535117,18.83019159158,10.4249011857708,4.40776399313126,14.4004430905566,10.1185530983371
E08000001,Bolton,6.91065643502247,3.03597975440617,11.9711955727802,28.3128958245611,19.0336964497375,8.70828603859251,19.8395150043716,20.4733137981112,20.5906368096652,15.780453660019,13.3313073240237
E08000002,Bury,5.32561801492709,2.40804987646102,11.6574705874822,23.9179137915584,14.676295451666,7.16710961653197,18.8160596563277,14.9821412568971,14.6779422889874,14.1810271221424,10.9550290673933
E08000003,Manchester,16.4283379437866,3.12730217740244,14.0026052720167,44.5179514951041,17.3531752125417,12.2504986902873,17.7617182142878,31.5569671511302,40.7233163793635,12.5035254301025,11.054443086501
E08000004,Oldham,7.54935732361237,1.93861966712373,13.1121590136339,31.1628373632989,22.1733752694632,9.64258978444056,19.7094670004491,21.0895956656968,24.4298501091611,15.6160610897255,14.7892216693268
E08000005,Rochdale,7.78622989766082,2.30377375730994,13.0333972953216,31.3642178362573,21.5084496693608,10.3163297265076,20.953807056245,23.1256853070175,21.3595718449308,15.3245341818229,15.0004582891412
E08000006,Salford,9.51176175209548,2.40063347367608,13.4786975163197,36.8670091544671,18.9948191857251,9.64824467534261,20.6969516912962,28.7950480899224,15.5976283807757,15.2059012113195,13.2292033711305
E08000007,Stockport,4.81230375720411,2.3258101804409,11.2724321399585,21.955418555653,13.1055118991023,6.39916667253187,18.4481510899303,13.6252961575353,11.0249757302974,13.3563879012225,9.07603136720082
E08000008,Tameside,6.12408244078649,2.76031299695639,12.8326645814245,29.6272892904911,19.5077765684794,8.33899987135427,20.9420765625285,21.5243330911082,11.4939541500246,17.3003672759029,14.0555806737314
E08000009,Trafford,5.59353964692435,2.43533296642818,11.0378476779137,21.6809195207654,11.2250053640271,6.16834607366227,17.037399924088,16.3890182464756,19.5861910688593,12.3195705317986,8.19318698328071
E08000010,Wigan,4.43447274646958,1.73258252313287,12.0892173683516,24.6403589811271,18.2688576749961,8.03329825616356,21.4947978442594,18.919097268048,4.50843010360265,17.057865916827,15.7829975263748
E07000117,Burnley,5.10252996005326,4.66577896138482,12.404793608522,32.2822902796272,21.5593123106434,9.08225995316159,22.5215084023478,14.0639147802929,14.4672004043235,18.074665488513,15.5374274173189
E07000118,Chorley,3.76678020436786,2.68260646942274,10.0069013112491,17.05514370311,13.5503809113123,5.30758200068977,18.4200457281508,13.0078585899063,4.91157668797536,14.0235894485372,11.8147365261223
E07000119,Fylde,3.86412498208399,2.47957574888921,8.94080550379819,19.0683674931919,11.7717003567182,5.4609161349134,21.8633261612788,7.47312598538054,4.93155747983685,13.0976826048695,8.19338515693752
E07000120,Hyndburn,4.57179464779709,5.20078040825835,12.5418595847529,28.2344719140386,20.4960708226898,8.13716791064252,21.7417692669755,12.7806412160391,14.7397626774345,17.266433614367,14.7131400370142
E07000121,Lancaster,5.2817266784269,4.48099339351804,9.74369617100757,24.6134689218637,12.4777876499334,6.73866421568627,19.4594399277326,9.96506520009685,8.49214092140921,14.2038413878563,10.7642115861214
E07000122,Pendle,5.53443290136018,5.98693370461604,10.4369711898897,26.7885830566563,21.0785867765684,8.20491960183767,20.9140097482449,11.601692192353,22.7809327907705,16.8078833022967,15.1908752327747
E07000123,Preston,7.4556603609707,4.33060607639794,11.1904389667692,30.9795542585162,16.804706082229,9.12194910227289,18.1773441177729,19.2141330970869,24.2221936919587,14.2518134217226,12.2832300523611
E07000124,Ribble Valley,2.97359118319817,2.32064878353088,8.40091495113329,13.0047826991058,10.2938237057765,3.32468261205022,16.7086746481832,7.63568309419838,4.15703983756914,11.9147390093254,8.59876468451011
E07000125,Rossendale,5.07949618005369,2.77032142611329,11.0503131667699,21.5052653314062,16.0153602891349,6.86778853140349,19.8729075343473,14.6052722141923,8.04036362566562,14.6120818771842,13.0584123814279
E07000126,South Ribble,3.02806819660752,3.10181770855928,10.4615851806863,15.619712810724,12.1345930524294,4.91432379816546,18.0052633026766,10.5093054531257,4.73788936060959,14.7928111561311,10.3122125829625
E07000127,West Lancashire,3.47502258654503,1.54249575813667,11.5246468786497,19.7725920539433,14.6741698526569,7.34517879711546,20.0009034647875,14.6669310945109,4.43601210642815,14.3294812563572,12.0145586451146
E07000128,Wyre,3.39036822402233,2.59089274761532,9.09879232672744,20.5473657494554,14.6643275586604,5.77179311180199,23.7598492793437,7.19316427317527,3.24643384161338,14.7818137336956,10.5082214181785
E08000011,Knowsley,5.93904407807837,3.43753567177079,17.9492197054939,37.0807038142296,25.3091464903249,11.5178662620191,24.5049454051942,26.6343786181368,3.94672808153921,18.628420705572,14.9366492393199
E08000012,Liverpool,9.70002179018473,4.81369392053846,15.5824032152628,46.1375686996102,20.5176413741409,13.2787246382024,22.4306679673681,27.8357504297509,15.2074868947182,14.7950548649951,12.3813313307704
E08000014,Sefton,4.83422369202069,3.36385991689986,12.5430340032223,28.484694310184,15.7693124940976,8.52569711705991,22.6673728039738,14.468752649877,5.17221227948428,15.5012437120643,10.7206466293637
E08000013,St. Helens,4.09580648568712,2.49683109749657,12.9013943171015,26.6874405830781,18.8484621155289,8.91809740922799,22.9664362151185,20.5939051441851,3.40087160882561,16.9727744165946,15.5111742190394
E08000015,Wirral,3.91441354929117,3.2770676397573,13.5108796938463,28.0197463420186,15.2677264799631,8.86140404947271,22.5790614260295,15.171820205857,5.03497684367211,15.7512854611849,11.545975542666
E06000011,East Riding of Yorkshire,3.12307735331954,2.32115890150456,8.1520219251636,17.6184350355165,13.6761762971413,6.14695867323192,19.1409394366492,9.10845125566307,3.85122943093372,14.6721825451762,11.6664087884883
E06000010,"Kingston upon Hull, City of",8.01715869125013,3.93530853671534,12.8983267611638,40.6302177697254,23.3963402956317,13.5986824915478,19.6528162367495,28.0951365945504,10.3297114732105,18.5876921462672,18.1149992130528
E06000012,North East Lincolnshire,4.05124306023785,3.34256243992712,12.0619163068271,30.8161303742809,20.5005440696409,10.8507807757385,19.4967923015237,14.4763079748088,4.62109061748196,20.2187821071808,16.2005819224161
E06000013,North Lincolnshire,3.57506649312433,1.2577103729274,9.48446607435912,20.6793616660065,16.8753417683329,7.9020097456908,19.2772595344171,15.4136721181597,7.71592035641341,17.6107055563276,16.3902263567919
E06000014,York,7.09737648410571,2.63548448870165,8.72271160474914,26.1011106855611,10.5614933012193,6.04371467340902,15.3369586621628,13.9781214094217,9.81464370288461,13.7693689122699,9.33513141819493
E07000163,Craven,3.8237806614327,4.23870154171582,8.05434649961355,17.1988772729122,11.2515275252601,4.09946481232024,17.9339096536664,8.99808810966928,4.63282138280785,13.0242660275614,9.33193529059317
E07000164,Hambleton,2.57103129837081,2.05157803604691,7.26447516855996,13.3431277382795,11.3453045731596,3.96295306794906,16.855508189365,12.915497022326,3.6717522997532,12.5936709830664,9.68048425408015
E07000165,Harrogate,4.44550313388617,2.58005925352469,8.38333159642097,16.4242433265346,9.65030262273033,3.97117241209676,15.5945752490989,9.13814408432461,8.33095794614522,12.4765429067504,8.14640733790491
E07000166,Richmondshire,4.13223140495868,1.73207304399466,8.44756767456822,13.3221160983817,11.6679555053239,4.34315585950088,15.2468007312614,10.803187014401,6.6371596266718,11.9295249922384,9.84166407947842
E07000167,Ryedale,2.95240632214527,3.59172438288048,7.19676789202628,14.6465991830936,14.4760498266341,4.47802633666508,17.7561786245676,12.857396554786,3.76611079979131,15.4147042388441,11.3248716106543
E07000168,Scarborough,5.9593405481946,4.52311115606352,9.19793668453525,28.7731364417923,16.794285887231,7.66004809890088,22.4030957874128,12.408212804693,4.7503056262811,17.9071202750872,12.6572871663749
E07000169,Selby,3.51283312595851,1.8663734483058,7.80693885818455,14.9165195752192,12.6438692752499,5.44587849080362,16.3908495008928,12.0402789432565,4.50934103464391,15.2738917371545,11.8354870534198
E08000016,Barnsley,4.28852224670915, ,11.3526713919828,26.9104770980999,22.8188100455082,8.71578606625184,23.9026732000986,20.8787499751822,3.91703175749607,17.2735541797482,17.9501775182653
E08000017,Doncaster,4.53643457430408,1.44757959315977,10.9853186493474,27.7514685303628,21.7904917220594,9.5978396745699,21.6714836542086,17.7117015977927,8.15536934279535,18.0643525582111,17.3893162257727
E08000018,Rotherham,4.45365813118115,1.1256498573315,10.7486171774722,26.5538862160989,20.6188410060303,8.91876323454246,21.9947139303483,21.5055451414219,8.10090174129353,17.6692789384919,15.3437717800159
E08000019,Sheffield,9.49514630666991,2.34638669496538,10.4280470408128,33.0399081451585,15.888194891842,9.75147955828666,18.7652207896537,24.7542709021955,19.1534979319628,14.292804936205,11.0356590203502
E08000032,Bradford,9.74881583172768,5.33728725112396,11.0845175016057,30.5068842324984,21.5868581225112,10.33357732929,17.3273334201037,14.8086263648041,36.1418848047285,14.0018076714079,12.8931753577797
E08000033,Calderdale,6.54246736100924,5.48628428927681,10.5415195044064,27.3287369810767,16.535415062551,8.01503612575669,17.9564923022578,15.2266392841426,13.2927104491086,14.792358469005,12.4584918596991
E08000034,Kirklees,8.47024924362484,5.1260625270134,10.4284685203861,26.4371128079527,18.4888245474153,8.31495325278629,17.7444858423796,15.2859818469961,23.3320235384346,13.9560017448257,13.4292987493245
E08000035,Leeds,9.10772436337322,5.31042183932426,10.8822318431921,32.0612234712847,15.6643417645729,9.0336617920877,16.7239532392529,21.9519270358956,18.8654464160961,13.324263750136,10.8189548345455
E08000036,Wakefield,4.78299884626889,1.80537553235432,10.958309000527,26.8627059979774,22.5150126984881,7.95993119748549,22.0665547497675,23.5938011879157,7.2140364660858,16.8782184010589,18.5612269032395
E06000015,Derby,7.28750085557,3.42619119789579,11.6025070645638,28.9358664724115,16.7137344380233,9.25680186603147,18.6756287386634,19.8003344056477,24.6695503955747,15.692366041798,13.0090188576114
E06000016,Leicester,15.2332994923858,2.80121827411168,12.3703553299492,36.8527918781726,21.9701447095064,12.2286893383426,17.3226937990959,25.3969543147208,54.9389247481347,15.4273588956042,16.2819115558638
E06000018,Nottingham,12.6194194924325,2.40305713900627,13.0530955910918,43.6791906827029,18.6663372981841,13.5935070677678,18.1176393614237,29.7198943955094,34.5753729390212,13.6048295356613,13.7901168602847
E06000017,Rutland,2.47300359952006,1.69310758565525,7.37235035328623,12.3916811091854,10.6157484453009,3.90011223344557,15.4887741175841,11.2318357552326,5.69455966175172,11.3485139730889,9.47804228892503
E07000032,Amber Valley,3.22648110122443,2.22260247927599,9.15468856947296,19.2200927827211,17.5309369475545,6.29197080291971,20.2838711787358,12.3279336831698,3.53285530909418,15.8594491927825,15.4177433247201
E07000033,Bolsover,3.3474589189354,.975580012804488,10.1948111338069,23.3590439315875,22.3950586679888,7.94828432709618,24.6579495426146,18.1854211761837,3.70126275274827,17.8085619805166,19.5960318169631
E07000034,Chesterfield,4.71621506111634,1.32276262928455,10.4517480126507,27.0920591503547,18.1693412162162,7.8673358921366,23.0595059159055,23.1472775450893,5.1373954599761,17.7374393068879,14.6710466044576
E07000035,Derbyshire Dales,3.27543585740307,2.40046838407494,7.42909185532136,14.8224043715847,12.638019874862,4.33710056795365,18.5415377692784,12.151964610981,3.20743573879296,12.5726268806033,10.9719496710147
E07000036,Erewash,3.68438347161751,3.16889838166434,10.5931159122648,22.3917686683644,16.4637536135201,7.22929163343851,19.3038962892908,13.0103507763082,4.82508186044022,16.017625198223,14.8325243012263
E07000037,High Peak,4.76814050223386,2.25953884866225,9.8546705695065,19.5963641965799,13.0117282584643,6.21430542875947,18.1138053954143,12.6970677348123,4.13787792104916,14.6641143213284,11.0359257445577
E07000038,North East Derbyshire,3.02762944044579,1.05409798003251,8.68353842581844,18.6719294172278,16.8498405658698,6.30455466843172,21.9767124809388,20.3877408869283,3.08514183573513,16.0754151919412,13.7625918867411
E07000039,South Derbyshire,3.23143208863357,2.02092736971687,8.94798933114485,13.4617357406648,13.9337173441248,4.99847234952643,17.4778831214129,9.94306524415265,6.00987200219848,15.1360691144708,12.4564434845212
E07000129,Blaby,3.04244429509383,1.32864602181668,9.12991779972083,13.0305536886729,13.4697859028911,4.80808244745598,15.7568013629346,7.62032776715091,11.4507799606027,13.3098981883952,11.3174246623297
E07000130,Charnwood,4.96872932828192,1.9438931986289,8.92867881411991,18.0663299055866,12.6337961958487,6.06833248342682,15.5743527995184,11.8031751758975,15.7266706803131,12.8369889650868,10.7604407563597
E07000131,Harborough,3.06034729783942,1.40695741876325,7.30414350392573,11.8258926012952,10.6711823812286,3.84493384085554,14.5510763392753,8.37583815691444,7.19121126232695,10.9621565745482,9.06594737777204
E07000132,Hinckley and Bosworth,3.22410031513762,1.61094827776186,8.57262489807612,14.5844811247989,14.887849632123,4.99135026859692,16.9702506709302,10.3246137911277,5.36553798130912,13.5454732616192,13.4888568634515
E07000133,Melton,3.38296882270824,2.26617031177292,8.58073522568637,15.1279664960447,13.0018761726079,4.62462689386784,15.58083214229,11.177291763611,4.99245672542481,15.45393045596,11.8847246651333
E07000134,North West Leicestershire,2.91351461868739,1.33919443876508,8.7763238601513,15.643528930689,17.0654309172417,5.61696415462382,18.1131510249497,14.3068902065017,4.65613899944366,14.8681369974911,14.3532294766322
E07000135,Oadby and Wigston,4.26917849946108,1.79483574675477,8.96011996813347,17.0860865082712,12.8890392422192,6.25343042189615,17.3063913120883,7.54487089366887,29.4392024212213,13.1480255901169,10.7605951417996
E07000136,Boston,6.83375471767249,2.20585541020849,9.02495328130153,20.7650873914477,22.6334098142254,6.89342828585707,20.1742036295001,18.1928108167528,16.1146092795148,22.151524119562,18.1330063839682
E07000137,East Lindsey,3.61799967153884,2.54721629167351,7.80587945475448,18.3478403678765,20.9767563985546,7.5204058741307,25.9543551733492,11.0116603711611,3.43399241941042,18.4002481786887,14.1131614762629
E07000138,Lincoln,7.29441305712492,2.50847457627119,10.646578782172,29.5568110483365,14.8803650715343,10.089173548613,18.4582161832779,21.9183929692404,10.5707657604687,17.185688140045,12.8686589267502
E07000139,North Kesteven,2.07952666840686,1.28121465239711,7.67206125467676,13.0253197598538,11.7840744320928,4.89135529350007,19.1192027169979,10.2105629513617,4.10426294007386,15.0630914826498,10.2638139818866
E07000140,South Holland,4.10852297123229,1.88117217689996,7.79572778016316,14.6039072563332,18.9957348531411,6.42790262172285,20.6151580378384,12.6878488621726,9.85725614591594,18.9612015018773,16.3016270337922
E07000141,South Kesteven,3.06396484375,1.78920200892857,8.92508370535714,16.6713169642857,12.9709667764142,5.44910091310056,17.287798606751,13.4294782366071,6.373516309385,15.6259312158982,11.4427809574698
E07000142,West Lindsey,2.04767487299726,1.86791715513873,8.44079718640094,15.1283053276019,14.0954937958058,6.45071403692093,19.9260504201681,11.0616126090921,3.6672268907563,15.4339167722147,11.3854511605194
E07000150,Corby,5.55225064445766,1.05492762244696,13.4999008526671,26.5635534404125,20.1115933044017,7.58293838862559,17.7422251244796,20.9319849296054,14.9963268304628,19.2878865235632,22.4422295722436
E07000151,Daventry,3.54219989256486,1.9338325907669,8.64536922931084,12.0169368344551,11.8606330485016,4.95541623997802,15.5608082936166,13.9412898536986,6.93061675423609,12.0253054253298,11.6872026351104
E07000152,East Northamptonshire,3.13498962481072,1.92361617407885,8.63664404688464,13.3587572205709,13.7126848702043,5.35493306333671,16.2311992162738,13.2830463799002,6.54872356364894,13.6748881058947,13.4003110814843
E07000153,Kettering,4.30971512052593,2.20901236744666,9.79824185788771,18.7602327397295,14.5130820028421,6.29618985055017,17.1083177320139,13.0651620865973,10.7247927253276,15.206124852768,14.4272673733804
E07000154,Northampton,8.82217038013772,2.52673811858313,11.7568831637196,24.3826847437761,15.5416391533715,7.64059058217815,15.8377697824765,17.0323787627774,23.4433132612499,14.2110198995388,13.8037794992356
E07000155,South Northamptonshire,2.53766166431431,1.79739032750526,7.43151770026212,9.27211452602472,9.9124020285846,3.67745181684934,13.9419408609093,10.0959184261313,5.94677716606604,11.2754930119863,8.83329856709616
E07000156,Wellingborough,5.09093177777085,1.98396606045482,11.2799076644727,21.103035218517,17.2345565876619,7.49659007449376,17.8671904028876,17.7059612565118,18.7470141727268,15.2580403889304,16.8250725140011
E07000170,Ashfield,3.94455243368479,1.19573540672675,11.4232981877442,23.7026565353125,21.3837300549307,7.84747261718484,22.4800622609773,16.2140935775854,3.97750571144045,17.8459056987403,19.1078750979702
E07000171,Bassetlaw,3.763610044685,1.40978035118636,9.54328990706359,20.0788805672688,19.3907554242555,6.76613841232917,21.8060834817434,15.8998888119664,5.49338578630729,17.7048196386772,15.5716943760879
E07000172,Broxtowe,4.17556599743699,1.7684750106792,8.5753951302862,21.5741136266553,13.6462450592885,6.54682485305254,18.8067989807009,11.1448099102947,10.4907431932558,14.0634768857343,11.5932968016378
E07000173,Gedling,3.78933716995279,1.65150256337514,10.4014265739934,21.4695333238769,14.4187335457947,6.68762306124564,19.3371674167496,9.98196518673124,9.68091383880997,14.3232793813938,11.0813601652178
E07000174,Mansfield,4.30689102564103,1.11956908831909,10.7616631054131,25.2003205128205,21.0764125507392,7.81456953642384,23.7474393582601,18.2491987179487,6.75626519633182,17.8018274901173,18.4667228306655
E07000175,Newark and Sherwood,3.26000041006294,1.5131322658028,9.34533450884711,18.6476124085047,16.2417558055756,6.02768561133112,20.3489030370067,14.4547187993357,5.75611625456161,15.8108027809139,14.0566878602413
E07000176,Rushcliffe,3.06534307843351,1.41158503327152,7.67099378204429,15.1216319406567,8.43742870180242,4.75394086040636,15.7285677006002,8.40842151194502,9.68784025771851,9.94118011268652,6.80453222710668
E06000019,"Herefordshire, County of",5.2592602050588,3.84581008439842,8.58284707414548,16.3766135931256,15.1984134010943,5.32560066280033,18.7293230214141,13.9212707005963,6.29779209383192,16.2287735495571,10.9096086689348
E06000051,Shropshire,4.02702160803245,3.18336752163117,8.47355676542715,15.7957647639465,13.9619358920287,5.36377525485341,18.562762756877,13.4552801641038,4.60002155953863,15.2368106051132,10.7614385507298
E06000021,Stoke-on-Trent,6.11759237741111,2.51080641412968,12.1366488496398,30.8854287706251,24.4833893612814,9.85632916772932,22.6904356486539,24.1682547060191,13.5682387714451,17.8351056846527,19.7130322524178
E06000020,Telford and Wrekin,5.18856593802546,1.65445592121067,11.7253182800865,20.6401633437425,17.2051942298641,7.8897842976403,18.5998643791144,19.6763151573385,10.5286214076968,17.1869249830306,14.223210853867
E07000192,Cannock Chase,4.76342710997442,1.60338382844777,10.0801691914224,20.1972260476097,18.8843301246647,7.60797939255975,20.730130717613,16.9191422388353,3.50905994131046,17.5249744029665,15.3236295209896
E07000193,East Staffordshire,5.13216651499439,3.93642462593384,9.68445112272756,21.4238852087787,16.3832714266061,6.35452091294745,17.702473081359,13.4748470931832,13.8480230316156,16.6736897867781,15.0350955344996
E07000194,Lichfield,3.58529012225888,1.62284106345818,8.20153308752183,13.5697651853289,13.4436253045237,5.66215538847118,18.1463230472708,13.210751018824,5.35597194348958,13.404764771192,10.788287384459
E07000195,Newcastle-under-Lyme,4.17506752387111,1.82219347966676,9.5503480808004,22.1250047552022,17.2691613224581,6.95950560525045,20.847494570965,18.7164758245521,6.74976386724899,15.3809498023501,14.3390913521417
E07000196,South Staffordshire,3.28174906653471,1.85343470241576,8.29771919564533,13.2237167663863,13.7997970618079,5.63771474818821,18.6930667431171,13.9300013495884,5.35646576837355,13.4852201491613,10.2034242672019
E07000197,Stafford,3.82205626267885,1.8939733946107,8.35682099707377,17.4891837064431,12.1880698723486,5.66735922595126,18.212105235006,13.6761036209899,7.41886925093032,13.1442901631088,10.1709199666999
E07000198,Staffordshire Moorlands,3.07143541128028,2.37958441060998,8.42430336110313,14.8329024226755,16.1119802387814,4.91718211631865,21.0646098078389,8.85521401896007,2.52198628303091,15.0710966220434,13.2648956093501
E07000199,Tamworth,4.63674605433786,1.86608470126831,11.5665622924376,20.6028402441724,17.860620392266,7.16993285930184,17.8941064663534,19.3187209412658,4.98483329644722,17.8223919201872,15.8006791828691
E07000218,North Warwickshire,3.59522702618937,1.82860684952735,9.32512009917868,15.5005423833876,17.8247277127874,5.85469153872505,19.2472667462186,14.4080272741361,4.05553584674428,15.6486896252978,15.0985488412389
E07000219,Nuneaton and Bedworth,4.76560869647702,2.12669082354727,10.8288592513897,22.4108819790935,18.8603371429994,7.74352226086412,19.4639606553189,14.4808483997648,11.0760706415866,16.986643500923,16.5490281246607
E07000220,Rugby,4.89791044776119,1.72179104477612,9.22985074626866,17.5164179104478,11.9201325862205,5.6958365458751,16.101923557332,14.3116417910448,15.8531101673745,13.5969433334708,13.4883657004632
E07000221,Stratford-on-Avon,3.43937759975351,2.14720382067478,7.73956247111385,12.7522723771376,10.9076801611718,4.05074263614996,16.8767896418641,12.927515020798,6.39498692783334,12.1865310961153,8.43630311873062
E07000222,Warwick,6.52703692973636,2.09615024114249,8.6112578605634,18.487022614564,9.48670893726442,5.16738318415674,14.8276763919563,13.4051364201844,16.6431767987911,11.344925789489,7.59795107063363
E08000025,Birmingham,12.3996922597484,4.09557477309026,14.6449300767403,35.8166803007285,20.8035934217199,13.4267201300506,18.4429357575871,24.2472050173347,46.8599173380427,14.2010806942961,11.3684672976855
E08000026,Coventry,9.47803906930447,3.64952718676123,13.5692733607067,32.1645203434117,16.1578207990147,10.7082070102654,17.7457723372034,17.041495582929,33.3707723372034,14.6624631799578,13.2146754014085
E08000027,Dudley,5.4009101619349,3.63910770249563,10.5908352391293,23.0204747934425,19.7014711305987,8.89050275641237,20.2693936246705,19.8041072789854,11.4644084045698,16.9883471679472,13.8603424397731
E08000028,Sandwell,8.66187097730004,3.43709361470971,13.5121565787091,33.9075540338113,25.3984860606807,12.4707597265123,20.9057887510022,27.5222637409669,34.1621681279479,18.8977167119194,17.0950489276017
E08000029,Solihull,4.50985404852654,1.79766663567909,10.8289950729757,19.7452821418611,13.7743653095851,6.98883952757612,17.8672692259307,14.9135446685879,14.2378818816107,13.3223240765705,9.09746562415746
E08000030,Walsall,6.54875628350429,2.84357552262062,11.9632357032888,28.791897757415,24.3060702417099,11.6909538610584,20.7564894197673,24.0832112184897,23.0522458163618,17.8097033973351,15.3854167751883
E08000031,Wolverhampton,8.10162756784795,3.02122786928565,14.0325122092056,33.6377071160829,22.1217177483095,13.6034805912934,20.5467591293542,28.0376209910254,35.4852286848118,18.0428151547646,15.4203452548296
E07000234,Bromsgrove,2.96422042308697,1.6636197440585,8.51919561243144,12.4601723687647,11.674601531774,5.09033307646203,17.5657058641349,9.97388352050144,6.40451958093489,11.696432521716,8.61857920273718
E07000235,Malvern Hills,3.41798087669192,2.74121445424066,7.86973798584379,13.4515087545014,11.9806501198065,5.45841347554934,19.5481770309925,14.1158574444306,4.83981187442216,12.8158170130064,8.37942891314098
E07000236,Redditch,7.37284718622199,1.50336962156558,11.1946316456425,20.3070099648638,17.940902244854,7.289030940649,17.0589213194956,21.1710154944992,12.6142921604484,17.9198055115717,13.5214241159253
E07000237,Worcester,6.89310689310689,3.22772465629608,10.2278673707245,22.4275724275724,14.0556012301696,7.29713841427569,16.2046411793293,15.313258170401,10.886116960959,15.2830394374642,11.3447439426562
E07000238,Wychavon,4.04115958436098,2.19140419682206,8.00145554522298,12.8512513645736,13.7509718982561,5.05804595733023,17.6024421945547,14.4867181498403,6.07983308250103,13.7317064610849,10.424538786397
E07000239,Wyre Forest,4.46202163545423,3.17087356054438,9.88949633593114,18.4110736303362,18.3246331944605,7.01497532000335,19.9020158203623,14.4352681167849,5.25950497575912,16.2558239205873,14.4460881226583
E06000055,Bedford,7.65529994358428,2.01686203221965,11.0230050774149,20.5870369209553,13.3233666326743,7.4505560867596,16.002768623118,16.0659437096471,28.5060230252923,13.2493583207341,11.1036883372596
E06000056,Central Bedfordshire,4.58816655331948,1.68296631193785,9.60354026379563,13.2376746903706,11.6202121265474,5.45396736196863,14.3906187962151,13.3918907269227,10.3498295863292,12.1698507430702,9.56830138542147
E06000032,Luton,15.3581091085297,2.43629951677816,12.0092067893341,27.4440391423149,17.0672279050119,11.1870499944146,15.0525834026407,15.7686457674343,55.4480538973726,14.1273208087709,12.9820671037408
E06000031,Peterborough,8.3487564675844,1.54681652999743,11.2100293152128,24.8733501749456,18.286698378993,8.05555851659187,16.6589519198828,19.4993447982384,29.0795127184408,15.9509666107408,15.2473586360132
E06000033,Southend-on-Sea,9.58113500629369,2.16395725648785,10.5144754814001,27.2945177964059,15.9283574478934,8.0826936089787,18.4938211887733,11.5120919146201,12.969169286759,14.1880054716936,9.60106234050893
E06000034,Thurrock,8.9715009702821,2.66226163937581,11.152630988084,20.0904527448559,18.3090553846749,8.4585762744601,15.5670397260708,18.4481901432168,19.097682381662,16.0080263572956,13.5939854894676
E07000008,Cambridge,14.0750096330864,2.56026030740249,6.87588303292375,33.6130496210986,7.07830995777082,5.59224507143558,12.9687487385664,23.5967804084429,34.0082507851163,8.41142415270189,6.5331746080197
E07000009,East Cambridgeshire,3.81926388166638,1.72762466054198,6.61582018836309,13.0294100652915,12.3913942904427,4.44684977224552,15.3928750387745,14.2832379961865,10.2603259443079,13.8254768257733,10.2184010277695
E07000010,Fenland,5.32496307237814,2.02363367799114,9.1752831117676,18.1290004923683,20.3826716021838,7.08632550516487,21.026222418173,12.4421467257509,9.56414939850098,19.4981085217592,15.7960091252996
E07000011,Huntingdonshire,4.3630017452007,1.86347049745431,8.09426968398887,13.6168923889057,11.8672456010996,4.91841311576831,14.9273190645869,12.8928504463964,10.5092385020176,13.6262824501779,10.1399326663795
E07000012,South Cambridgeshire,3.91094062708472,1.51434289526351,6.82454969979987,10.9589726484323,8.61686390532544,3.66044993294025,13.9343215354106,14.2528352234823,12.7343618701892,10.4704998190742,7.32146336484844
E07000066,Basildon,7.1412861188244,1.18082093860831,11.5635223929838,21.9420999092734,17.5968017249124,7.46842834407667,17.3848261001622,21.9613449536744,10.47697095079,14.8821495289956,11.5020469811996
E07000067,Braintree,4.81300067165768,1.86753599921367,9.78162934324984,16.1623773405632,14.3833057586593,5.86257617146459,16.3919936906802,16.4719951509592,6.84914742596068,15.0171479975262,10.6936037032178
E07000068,Brentwood,6.43150819030216,1.50101155126281,8.67323631142727,14.8632774260915,10.8366257109365,5.09770834467367,15.5554951699026,11.7013639626705,10.7512126193938,10.0794954587511,6.18780566098302
E07000069,Castle Point,4.42919868276619,1.70691547749726,9.30845225027442,16.7755214050494,18.1322842208308,6.1558734939759,19.0294395018804,5.34851811196487,4.62214950403927,15.6252901309071,10.9166589298425
E07000070,Chelmsford,5.77604891842623,2.1574059454261,8.81766115951598,15.6760015502318,11.0895994861678,5.46792968353073,14.4435862396768,13.0908464552801,9.6963935595033,12.256958760803,7.96892305951024
E07000071,Colchester,7.33450596085658,1.80919675014658,9.936622274339,20.5782170477706,12.0111462596062,6.50478873239437,15.7984445959532,13.4977803836167,12.4923443151484,14.1884849333396,8.62385463822902
E07000072,Epping Forest,6.42803562154988,1.86570752630263,9.98249697062953,15.3199592237118,14.9511104373531,5.85706095929677,15.7236942378809,15.008366832721,14.7811229032801,10.8913950254905,7.75860166405509
E07000073,Harlow,10.0028885037551,1.03119584055459,13.105141536684,24.9162333911034,16.9781636211995,8.01879075420104,17.0946011910573,31.2189485846332,16.1439519671971,16.2760572022704,13.5659377183862
E07000074,Maldon,3.54804973467095,2.4363791300306,7.42146647557811,12.5769841577255,14.6786364819152,5.07735675888292,17.4236155056873,10.4001239493357,4.24800012980902,13.8770206580628,9.27850944809056
E07000075,Rochford,4.28137289953522,1.51352639733047,7.84471457514003,14.5215111428912,13.0058923864165,5.12882545058667,16.9558274400567,7.58848766535574,4.39324264290946,13.1584609019446,8.16880430285478
E07000076,Tendring,5.07366556637952,2.6358586265196,9.75444811206827,23.3507769100717,21.133440720002,8.71639504109207,25.5432892906815,8.44215441590854,4.62302967083913,18.5945388974755,12.7944358578053
E07000077,Uttlesford,4.13526631753736,1.46570443223911,7.37642099885043,10.0587559075233,10.1316634553629,4.12071681764474,13.645003335725,12.6484863967301,7.70111904132523,11.0132081421014,7.39761062256946
E07000095,Broxbourne,9.65000796643475,2.05534016676403,11.7717350894896,17.5394338520368,16.3028511938745,6.63092903925577,15.2560117082759,14.0660682989006,19.1787114486855,13.8759449104277,10.8211659935798
E07000096,Dacorum,6.26480696719944,1.56161366745637,10.0036704594748,16.4152958056659,11.4822771213749,5.72010635905441,14.7300254751565,21.764156294838,14.0216918541634,11.8140024901829,8.77981036299205
E07000097,East Hertfordshire,6.15621188822313,1.7586651819644,7.88659702706047,12.7719744772611,10.063452062192,4.34764713952531,13.1058124586925,12.699506866748,9.74747071255819,10.2484689239008,7.49203240985883
E07000098,Hertsmere,8.24827794258133,1.46312031776359,10.8125094273216,17.0169440394188,11.9109473651064,5.89734908084208,14.8643920384681,17.42671828649,24.273475222681,10.8263064423655,7.08702157710003
E07000099,North Hertfordshire,5.77247033279677,1.6714708194512,8.94695466626736,16.6491970201774,10.209849151555,5.31371869965218,15.0903913022956,19.2864897241044,15.1242192048083,11.9648125887881,8.49852475139329
E07000100,St Albans,6.67438546490916,1.35375846099038,7.91592447452797,13.5482721767011,7.22971603576013,4.33957559975622,12.8639879428994,12.1695760598504,18.8527270659159,8.45458277840642,5.39939717412856
E07000101,Stevenage,7.88870422373775,.939881941658548,12.4276462834546,22.7520201730758,13.4123722587919,7.50532292405962,15.7306716533464,28.3741188606797,16.8848339030694,15.3046500951007,11.0120023611202
E07000102,Three Rivers,6.30625498461889,1.50962743534237,9.50495613535377,14.1563176483992,10.5474207537242,5.05552570302705,14.4588109990036,15.1475447191523,20.3476986153899,10.27866752082,6.75528507367072
E07000103,Watford,14.0017992966386,2.663504266514,10.6621956871405,22.1531583108421,11.1624987611906,6.27315933623328,13.6211116155967,16.3218014776042,38.1236088193929,12.4341857132081,8.86776797163763
E07000104,Welwyn Hatfield,9.07298282622154,1.12351821704538,9.70123587003875,20.2852360534703,10.3745063325616,7.26803472485426,14.3918215949699,26.9208722169995,23.5020581716199,11.4225777167112,8.17282920725274
E07000143,Breckland,4.32693189530255,1.94427630734239,8.45576771400796,15.521194445973,17.9263944361149,5.91153501472283,19.6526963545379,13.7768484381592,8.78068219264164,17.8166411824669,14.2424821610601
E07000144,Broadland,1.95927703614819,1.45492725363732,7.59524523773811,11.4481775911204,12.5591698421698,4.29853260341421,18.7170065625852,8.56269686515674,4.06270558220882,15.8894856320248,9.77686728309618
E07000145,Great Yarmouth,5.95071175645809,3.73107725944058,11.1171843437344,27.1988402766225,22.0337841251663,10.6179775280899,22.4636861745325,17.2413793103448,7.19286162196614,19.9262465472563,16.0605974314435
E07000146,King`s Lynn and West Norfolk,4.79381361449418,2.22462168728266,7.72027883195452,16.4282198262858,18.7053762472128,6.35566823614632,21.2823242975633,13.327087666926,7.79648832493506,18.5240780178439,13.0555112532953
E07000147,North Norfolk,3.33362289884029,3.36185553576858,7.02992659514399,16.1903314077227,16.6172158312078,5.99473902810467,23.2603276879575,12.8219606480476,3.4463393728017,18.0309994065118,11.6130456985908
E07000148,Norwich,7.61120045093586,2.61940682040485,10.3267627115834,33.3642799118023,15.0229608572053,9.38795524450586,18.393805843999,32.6630083389977,15.300501086694,15.3472622192211,12.6303350479633
E07000149,South Norfolk,2.58099945085118,1.99587191577193,7.49493457554583,11.6589975193622,12.8321408623028,4.61027479881686,17.9337483469342,11.2954231286334,4.84953069057833,14.7553645186205,9.83579032203902
E07000200,Babergh,3.04354778529929,2.06012472682693,8.06460210010127,14.109056020468,13.685103175351,4.89243253444046,17.3729199908822,13.0909866211822,4.64326418965124,14.615933412604,10.6032500990884
E07000201,Forest Heath,6.29728877679697,1.66692938209332,8.97304539722573,15.7668663303909,17.2839189535778,4.86807181889149,15.0800026779139,14.734394703657,22.7723103702216,15.3610423807686,14.8525639570517
E07000202,Ipswich,8.60937554539425,3.7854724423191,10.9131208768194,27.7601312436734,17.8276956809721,8.46538901601831,17.6497930786301,21.5906314356522,17.0635158639717,18.1944487325944,14.1663321909702
E07000203,Mid Suffolk,2.8829454671761,2.13367736813378,7.60680791941646,11.3010469905225,12.7464836126253,4.15134867198149,16.5500201589976,11.273755768372,4.11863828555479,14.0353631213163,10.7502176301857
E07000204,St Edmundsbury,5.14169686913235,1.44971835291035,8.84240862844417,15.9141522204271,13.743130587003,4.91152608756469,16.4069256269818,15.9840181651456,8.80026664744883,15.9458057504199,12.2715146724632
E07000205,Suffolk Coastal,3.30109414093133,2.70174390380522,7.52828709063072,13.9549647111543,12.2819174955161,4.6514017571201,18.4741508310673,11.3260390604578,6.14893240438302,14.0657223796034,9.87082152974504
E07000206,Waveney,3.88145353064874,3.1248157537881,9.29583554428788,21.8972937916396,18.7076433496376,8.25102361593542,22.3063841602027,14.0479138415581,4.22458222708106,19.606238626232,14.4069763181357
E09000007,Camden,32.4943096766256,3.49211556995509,9.96062911395001,61.1017696393053,9.04559466984885,8.15342274256258,14.4464413764308,33.1115303381385,56.0053191006544,7.15686894893375,4.77757387837752
E09000001,City of London,34.5952109464082,4.31014823261117,3.48916761687571,69.3956670467503,4.07342657342657,4.68717304875497,11.4983050847458,16.533637400228,42.4677966101695,4.0589820833994,2.45758680830823
E09000012,Hackney,32.1634378994985,3.01209558461992,14.9444389812174,64.6287737240633,15.5229254571027,11.5269132739882,14.4897876314614,43.6916117612351,63.8486214317619,9.66903741803301,7.88697224993731
E09000013,Hammersmith and Fulham,27.5952351408363,3.03635686809778,11.0658890681226,55.2475493237374,9.03627702455112,7.63624301014122,12.5802085559446,31.1862513959548,55.0727973127736,7.67629438276355,6.13732549192041
E09000014,Haringey,28.5008091805208,3.00917071256927,15.0478152125938,51.8375754009122,13.976629895782,10.1809871355376,13.9895499086009,26.7196312098475,65.3138557856005,9.82119733557096,8.27299002393014
E09000019,Islington,29.0638761811108,2.52896660823464,13.2765402539655,64.6511180469451,12.274577493817,9.2368468928952,15.6560339599757,42.0518192312626,52.2998180715585,8.21863892606071,6.5165396096858
E09000020,Kensington and Chelsea,27.136599775899,4.26555974330244,8.21152083121116,56.0023428746053,7.13231207447548,7.21372320430159,12.3347767713632,24.5377915860242,60.7492010665053,6.8242385786802,4.76046954314721
E09000022,Lambeth,26.4142381380896,3.26957244052701,14.6603905643108,57.8493581608559,10.5022810766149,9.18633863452749,12.759084880199,35.0869501680549,60.984671017467,9.15576494342321,7.92327430278047
E09000023,Lewisham,22.1567563377006,3.25606636173347,16.1898855208414,48.1458510995684,12.4892271589812,10.4822505023443,14.4027402722149,31.0549482733373,58.51677329322,11.4872366730504,7.5552107827689
E09000025,Newham,34.9008559973995,2.75219417054936,14.7627537702302,52.0582354042101,16.4627558081261,13.925056302979,13.8679282040625,29.6417419399324,83.2731570471193,12.7656600773941,9.50873085893483
E09000028,Southwark,28.8344322465995,3.24193253724403,14.2033847635814,58.3880021922904,11.883503001336,10.1399423402913,13.5214355338331,43.7162644699474,60.2702899581314,10.1540407301682,8.04093502144279
E09000030,Tower Hamlets,34.7975942403982,3.05756639047177,10.6254382413068,63.0050268129611,15.5884554338767,11.9781293864323,13.5000157420817,39.6081258579654,68.8184780555381,9.11667141519801,6.46495583865847
E09000032,Wandsworth,20.0983960825485,2.9465182040416,9.45491329036807,45.3227376181098,7.68995713250509,5.9575631513488,11.2008338898028,20.3198639007456,46.6639521816316,7.32754903852866,5.30975268238801
E09000033,Westminster,30.641379571153,4.40948455167719,8.99009189577582,62.9003895170745,9.40492181049674,7.84889965885558,14.0745501285347,25.8556139621072,64.7514084121862,6.98156747671007,5.07734822369733
E09000002,Barking and Dagenham,20.1417890099166,2.91614643877097,19.0439287610683,39.6349076505791,20.2853954620769,13.0729472571361,16.3841838298971,33.6662791865788,50.5413880835454,15.6732095823404,12.0853192023078
E09000003,Barnet,18.0177462550399,2.17192972129845,11.5909826657641,28.7118514376527,10.3293285616905,7.68720783890687,14.0025141279399,14.2249624768239,54.5108393707946,9.14437612935928,5.88292195958103
E09000004,Bexley,8.08604379940391,2.55604509524427,12.6225649000043,23.6685240378385,14.2603875858415,7.44501867941296,15.9713272154381,14.4453803291435,22.7360698629724,13.1947876610774,8.69607145870752
E09000005,Brent,29.6393014525869,2.37201458027311,13.9237981248753,42.9963912010591,14.556357805563,10.2242057432074,14.4215413781469,24.1109478990987,82.042318011664,12.0979266320392,9.60611998665104
E09000006,Bromley,7.99009643746848,1.99752410936712,11.0360532469319,23.4774036771561,10.9285507371588,6.27148041242392,14.9722681905156,14.0797175650685,22.5972229404768,10.1519284260287,5.88256440444147
E09000008,Croydon,16.4099027653265,2.87428453210123,15.971312323288,33.4618302186056,12.6418861742527,9.2527934839331,14.6164599948263,17.85187228467,52.7379202923677,11.7750372555579,7.24544569812354
E09000009,Ealing,23.613416933963,2.59183443206912,12.1999967763253,35.3371157782757,11.9788296299471,8.86490152307214,14.1170456996475,18.1106042778163,69.5567131236907,10.6787358959345,8.64996597616749
E09000010,Enfield,18.3094833049802,2.97041262216885,16.6599953300644,32.4668934921111,16.8490217647521,10.4487196639285,15.3549506186273,17.5731345275026,59.5315970377577,11.8322144055994,8.80709209727529
E09000011,Greenwich,19.3478153298036,2.41575535652432,14.4925528229997,42.0159334949775,15.1143908880246,10.9328996655003,15.0983866088931,34.3035281310307,47.7013006910044,12.5057572219663,8.75526183309947
E09000015,Harrow,16.3241087957469,1.73256752266578,11.0290976408601,23.5095172544738,10.9673236679358,7.79596892995848,14.5798473997724,10.5888356196896,69.1176962720032,10.3764785323117,6.22428483957173
E09000016,Havering,7.37250383234395,2.00207821068118,11.7706972293954,23.0084671653001,16.1376662880977,7.3840018924673,17.2590544277332,14.1966481136637,16.69968638295,13.5810621289327,9.01664251320649
E09000017,Hillingdon,15.8570658790189,1.99073981679206,12.8016045662283,22.6674915680444,13.0338437852253,8.07889329435939,14.3022457800362,16.7162272736344,47.8286899129724,11.6783209787621,8.76224202955093
E09000018,Hounslow,21.8161893321532,2.55316010199996,12.5266063939643,31.5957514067143,12.5634380428901,7.96126711035764,13.7830420110491,22.8467260963942,62.0943703067842,12.2172730953896,9.13508311553085
E09000021,Kingston upon Thames,12.8820377441506,3.05315922626063,8.79806408020239,25.1371014629394,8.27271730389648,6.29023164027628,12.4340872172935,11.7883687675796,36.8892915156816,8.96609928722435,5.19415406984032
E09000024,Merton,16.0938075345684,3.15146590144368,10.3127341061747,32.5609152202344,10.105432841023,6.52858825785595,12.6353953318344,14.0965247533553,51.5967009359367,9.80561237449699,6.70530354683886
E09000026,Redbridge,16.8548509156955,2.43882750618031,12.2123000857676,27.9471267847233,12.2888243116781,9.66866843059726,14.830268487651,11.3909489934918,65.4970068466143,10.6091889508078,6.2292025818867
E09000027,Richmond upon Thames,10.0281831277009,2.57405899668065,7.84618275192585,24.7397757875618,6.13838212190195,4.77316300277151,11.4695973046687,12.5897162898478,28.5619551847692,6.44292671597268,4.0020612720371
E09000029,Sutton,10.6378079668432,3.04704889093561,10.8757387366644,23.4131552690153,11.888733239944,6.19582727982526,14.2990123378877,14.6109959833193,29.0787079402144,11.4209501838368,7.17900656044986
E09000031,Waltham Forest,23.1827051135132,3.21801344194258,13.6721693973839,41.8981839956226,15.0840537268043,10.4873367704061,14.5704339610221,22.0687376756383,63.9886311273229,11.3636125627036,9.04763899506749
E06000036,Bracknell Forest,6.17289332577706,1.1966519900606,9.74323205022015,13.6775796678146,10.1090004762157,5.01912271589782,12.275959542423,16.7356903090806,15.1274237003666,12.0566437268396,7.87934934308677
E06000043,Brighton and Hove,17.0766825736383,4.44791838077999,9.86424222478196,38.1890735560309,9.7117911158008,7.43545891359231,16.3036042857822,14.9637979266085,19.5161119219809,10.5283881741243,6.55575164142852
E06000046,Isle of Wight,5.78865515265614,5.11745927805517,10.1154129491692,22.5276254399607,14.649966721123,7.91592273981497,22.5986330597042,10.6785626585905,5.18280114273316,17.2145528186311,11.5792956179133
E06000035,Medway,7.37978890677815,3.17863834514966,11.6967488630907,21.8729109585817,15.5890862563831,8.31694775659813,16.4266363550251,13.1777909593349,14.5007104290992,15.4194006942799,12.3136826708145
E06000042,Milton Keynes,9.56848981579161,1.25172441775542,11.5860585896291,18.92396332062,12.451934087923,7.31477776295703,13.8806611982108,18.0181368173334,26.077782823797,13.3109132508201,10.9623177219726
E06000044,Portsmouth,10.8689293695085,5.39702596141472,11.7873480514314,33.3824716577165,14.2408683962129,8.82769928147755,16.0244030898876,18.2642471891708,15.9678331772784,13.3411404964055,11.1356169285319
E06000038,Reading,13.6283382907315,3.15894956178721,10.7779668835197,28.3430625586537,11.5452436194896,7.61198618797597,12.9160297499004,16.2910178307274,34.665185166155,12.3013834668858,9.02763509348675
E06000039,Slough,20.769806563448,2.72623409368475,12.7861166922744,23.4113382972856,14.8762004242121,8.9218870417263,13.3975250526015,20.6358586455502,65.4784066188795,15.1107925700293,11.5849409703558
E06000045,Southampton,13.5607710627557,3.75150121114662,10.226555661856,29.5112667168767,13.8603284817733,8.72785482051622,16.2101805962462,23.2733527388198,22.3326381911669,14.472727676317,12.0448832137447
E06000037,West Berkshire,4.9711260827719,1.88322104587745,8.17773500160411,12.4462624318255,10.6503203672872,4.46010528614056,13.1827696948421,13.8402309913378,9.60720833170808,12.2833633783711,8.42540203830296
E06000040,Windsor and Maidenhead,6.68391917599273,1.70182865173353,8.00356475689386,13.3369894942501,9.09793842501334,4.86506726577336,12.7033757609297,13.2787194296389,22.4674875484228,9.40362792214644,6.30138037545445
E06000041,Wokingham,3.74262414638998,1.24643638533448,7.2299940330173,8.98693893787708,7.40871388113403,4.22749206889426,11.9056872651898,7.02114963866605,16.3628708381915,9.26491676538438,5.32897490937269
E07000004,Aylesbury Vale,6.3251015762326,1.59352217387546,8.7816615278218,13.3187332507276,10.9534261670118,4.85364185940502,13.5835577734772,12.9412442728294,14.8027128065833,11.5764557361528,8.55294303298091
E07000005,Chiltern,4.07621934715531,1.0989010989011,7.29172305526985,10.8753315649867,8.41844519035738,4.30833929849678,13.4376855400227,12.3775239538786,14.094024936579,9.19084298079732,5.51327583291054
E07000006,South Bucks,4.21286867315381,1.16165044881949,7.64501772648412,10.2247869050313,9.42545454545455,4.35716013546202,13.9082058414465,12.3180206683262,22.920125024302,8.71720848500063,6.13154261327978
E07000007,Wycombe,8.16374648177893,1.56054287440503,8.52625219198067,13.6868009607875,10.8019819145733,5.55870417809617,13.1236745822749,12.7466438749797,24.0794901074317,11.2410216768126,7.5079717847135
E07000061,Eastbourne,10.1128587932107,2.91922154092242,9.97067448680352,28.683462187861,13.5987282241505,7.42611661593593,20.9542107592645,13.2253621256554,12.5829879692592,15.7478750727229,9.79949767996254
E07000062,Hastings,9.33453193712189,4.54578585485556,11.6790981316359,33.2685439393571,17.6132353194346,9.36419383097423,22.1109313714628,14.5484584173571,10.6698872072152,17.0089042340542,10.9743170391907
E07000063,Lewes,5.85808776463337,2.27827694933738,9.32647400488372,20.1228041061141,12.2233641658102,5.68487796404065,19.5421632376772,10.9267205613902,7.47061598736436,13.7204232773679,8.74705856876814
E07000064,Rother,4.81933605695134,2.8059789123468,7.97025222007486,19.0351542432175,14.3469839513005,5.92120970951054,23.4490219455115,10.3774738850698,5.86059963792114,13.9609614864542,8.03041631536247
E07000065,Wealden,3.82283489693024,1.99119280107218,8.04295104984364,12.4465505137533,10.6793807544648,4.36184874188369,17.5012591075446,7.67119790669475,6.15787529798879,12.5322301872893,7.41129024641336
E07000084,Basingstoke and Deane,5.53848373367958,1.33881555218928,9.11346750342639,15.2275842169805,10.5204196874203,5.02776934091205,13.5447767865124,17.8114405251389,11.752751804242,12.928929026395,9.12100484408851
E07000085,East Hampshire,4.99809556054001,1.72880782089805,7.911887934318,11.18117567396,10.137207875509,4.2340472964862,14.9150577814684,12.0212450801981,6.95453601826863,12.1584732166375,7.60997102559805
E07000086,Eastleigh,5.01561990915538,2.11204170419917,8.99821760545834,13.277881058704,10.0122751112819,4.801191362621,15.2684925598447,12.2870230178048,8.24766970982196,13.7963792011531,9.09785765761831
E07000087,Fareham,3.81287704759656,2.31434766740377,8.11095128706069,13.4330921659976,8.97847989967857,4.52704354202312,16.4786119500632,8.12597951866721,5.30377035516799,12.8476070839183,8.06054336313702
E07000088,Gosport,6.21789443974033,3.70307648885126,11.6963025684448,22.8535139712108,13.5191984090561,6.90880473147,17.5498051366464,16.4126446514253,5.5929413473409,16.2607774920587,12.6892888956117
E07000089,Hart,3.88341312306393,1.10954660658969,6.7079695860321,8.042804843706,7.38601876419888,3.73481949758776,12.0231124976657,7.65418192058575,9.33617479375611,9.96565133838728,5.71065413772754
E07000090,Havant,6.50542768607121,3.62105591393658,10.9664594336497,20.7031630644501,16.9237687716334,6.94343160745911,19.3422491796758,19.5611077546725,4.77693811938617,16.3472352661542,12.0479552911985
E07000091,New Forest,4.47168755449707,2.23324093233905,8.13909603196294,13.3161545569307,11.496343303796,4.48323314260882,19.2574038603212,10.9840055180312,5.10988201425803,14.4128912322313,9.41200980784948
E07000092,Rushmoor,10.1447281532027,1.66189742460929,9.70724191063174,16.6244772176976,12.475950165589,5.71952233391278,13.2559403882439,16.3080563504292,19.5038749773471,14.6313099408488,10.1188767013151
E07000093,Test Valley,4.00621509259648,1.48868265233276,8.23709738378197,13.4926300760089,10.8029636933865,4.1932512768986,15.2227701506899,14.3912988703649,7.43569477138782,13.0392666446156,9.34413835467561
E07000094,Winchester,5.51157580283794,1.67075642803798,6.58273765069882,14.3070521711298,7.98843599569077,4.65645803278119,14.5177752047686,15.4550304064867,8.1693040010292,9.73193680099414,6.39919521865199
E07000105,Ashford,5.16039927176847,1.82894929583359,10.1889635256451,15.795090715048,13.3477662949498,6.12787429306783,16.1797619451321,14.4704626781342,10.5615653294449,14.5041067274367,10.278687746285
E07000106,Canterbury,7.5973737473466,2.18689835612381,9.37453719701831,22.9254085007652,11.7927527018436,8.19584191144489,18.0740348671805,12.1916703690905,12.4886698203712,12.4397722295226,8.09175181242011
E07000107,Dartford,9.14398343354707,2.51989720815349,11.3644869139992,19.1711783638133,13.2244833569964,6.80613185799908,15.1337749704719,14.8374541553354,17.3563395470652,14.3187492906594,10.3095562365225
E07000108,Dover,6.02359759884082,2.42392879321052,9.81163320223556,23.4899606706686,15.7670805198577,7.66938132391746,20.8257965148557,14.2082384599462,7.0078979887888,17.0289406580348,11.3138415071918
E07000109,Gravesham,8.67403724864584,2.4807697064134,11.2240607454676,22.8710642823576,16.4239106905402,8.3923274668776,17.0487613055446,17.333234399347,22.9040503342509,15.9350193329781,13.0958724433332
E07000110,Maidstone,6.7189938058537,2.21129446624742,9.73253266505903,16.1268460289691,12.7756108405246,5.48785833260279,15.795105161045,12.7129730326099,10.8983325061395,13.1607068735594,10.2410117370685
E07000111,Sevenoaks,4.59378987664824,1.81199489578903,8.18587834963845,13.0625265844322,11.6106984494591,4.7154529433754,14.8755798873735,13.2241599319439,9.0127335869026,11.1184194499257,7.46546809910107
E07000112,Shepway,7.97399691846599,3.32214694273834,9.71105342029169,23.6560501488001,15.7223603888763,8.05395676338535,21.0412247960063,11.2096076320733,9.20634626605785,15.7086402011856,10.7739485231851
E07000113,Swale,6.12035621120806,2.87487631555276,11.2170549608707,20.1205361158586,18.9254620792402,7.68775333606595,18.6417344572459,14.2880273455069,7.14469761107226,15.1520683115803,13.8752826878416
E07000114,Thanet,8.06210407810058,2.96069766269555,11.651235864433,29.7582040898627,18.1201103028337,10.1535864978903,23.361602551682,12.6644598659117,9.56880747618977,17.0478126455766,11.9732774319231
E07000115,Tonbridge and Malling,4.77565434150395,2.03988367262152,9.47237224761113,13.7515579559618,11.9505530944107,4.95488105004102,14.8553453913331,16.123805567096,7.56839534787467,12.5481575750564,9.39781338578122
E07000116,Tunbridge Wells,8.59583668970195,2.54589392461949,8.2503073727053,17.4651290965362,10.5278422273782,4.69813772195756,14.2295891315874,15.1524144655955,10.3729715164843,11.8144591234827,7.80236922926924
E07000177,Cherwell,6.1010435763644,2.13122267663235,9.02905090960372,15.6342546890424,12.6609465455774,4.3288271637535,14.1483632672625,12.1139472570864,13.6584712549694,14.5484123986869,11.2879954294125
E07000178,Oxford,13.9088036117381,2.57516930022573,10.0045146726862,33.493453724605,9.09933233410546,6.97285440087743,12.4096480718339,21.3598194130926,36.3863178544626,9.53249406857654,7.65132517709837
E07000179,South Oxfordshire,4.34533491054266,1.95918970870915,7.50221795061363,11.6146680467248,9.74097218909507,3.85874246339363,13.7795422212622,11.3910246931835,9.0676836217106,10.5994302935227,8.54043677496594
E07000180,Vale of White Horse,4.8899953447892,1.68194790211913,7.57787358066671,13.1074544092942,9.87964155257141,3.95328226878521,14.2030614606407,13.3240229117332,10.2398584983635,10.8725722189833,8.95206740057387
E07000181,West Oxfordshire,4.38704007770403,1.4037603200666,7.65245947133508,11.9423695104184,10.2513247539743,3.50667641238657,14.4580498000554,12.4580837630952,7.42896954542418,12.3025616112811,9.70418707246301
E07000207,Elmbridge,6.04096594988852,1.37749896073467,7.70568005744303,11.7663731529421,7.78406371568471,4.2347433745515,12.0962750716332,9.85979365859189,20.1467048710602,8.17477479435383,4.80728481858585
E07000208,Epsom and Ewell,6.80902497985496,1.68546870803116,8.60864893902767,14.4037066881547,9.35015482467152,4.70093239487832,13.4031051103832,8.02444265377384,21.3749300950707,9.57910282444157,5.71349455418128
E07000209,Guildford,7.16839901432198,1.68602819928483,7.0461156504178,13.868045133678,8.49489012675994,5.04757614999155,12.6225552728837,12.7989920886369,16.5275580793539,9.29997844278519,6.03308052599604
E07000210,Mole Valley,6.6484313944401,1.83655241710394,7.03081388857877,12.3171820922184,9.21088120833815,4.07751312071054,14.6904831625183,12.2055375683823,9.91859443631039,9.48863075454934,5.66652407120998
E07000211,Reigate and Banstead,6.6055608682316,1.44163975244934,8.20958807715208,13.8029338000469,10.0031821074643,4.62152830738086,13.9775818913919,11.9174349999098,15.0491529727573,10.5290754540046,6.26279330059593
E07000212,Runnymede,8.2839151433637,2.00525768784007,7.92932689368466,14.7062419759125,10.5556077841497,5.15541161115677,13.855421686747,12.8691080271443,20.0136628990188,10.1918284749051,6.96402588931815
E07000213,Spelthorne,8.99220489977728,2.01204697307147,9.27313221299858,14.8334683134238,12.4818837629663,5.01950177377942,14.9208142429758,12.4291354525208,19.0244565785895,11.7283597459809,8.36146232622004
E07000214,Surrey Heath,5.03785846300602,.998628748584034,7.35408096345317,9.97138257914506,8.75093356649726,4.44674706232501,12.5835809806835,9.20825135634651,15.0503807578009,10.1398545512667,5.9697914169264
E07000215,Tandridge,5.52156439325775,1.68556175394397,8.04090936356547,11.7989322776078,10.5377470087459,4.42822966507177,14.8340923877684,10.8271849319177,10.7267645003494,10.3923844122643,5.73187345476563
E07000216,Waverley,4.72808441558441,1.19521103896104,6.92775974025974,11.9013798701299,8.40257412838058,4.10793120493634,13.8823084262824,12.3133116883117,9.36235317342809,9.69784038216709,5.8446336592032
E07000217,Woking,8.92391111561558,2.2651835710847,7.43659259634631,15.1620341044417,9.61114046812346,5.09657368390947,12.9891731688139,11.9188182532242,25.0640133873667,11.052396754134,6.37740163408717
E07000223,Adur,5.64602886077828,3.21252364877397,9.51515376340097,20.5920540119449,15.2160452281599,5.6121764784766,20.1072210780949,13.0689616797121,7.09195515020758,15.6908344733242,9.62380300957592
E07000224,Arun,6.69654903606872,2.62195304770186,8.18517074925794,19.5244805564717,14.4617439771523,5.95279873662046,21.0603405610027,8.82379396156268,8.35618453965409,16.2711768532398,10.551423103393
E07000225,Chichester,5.07542930508747,2.60792810142834,7.46870486278286,15.6094527363184,11.1748702930114,5.21861777150917,17.4728017294409,14.8591718825229,6.98894493558536,12.4511025827708,7.9803052926441
E07000226,Crawley,9.82048821588223,1.6617127343366,11.3956046527957,22.4401432349568,13.2623345197732,6.83994996830184,14.7302456917174,23.8584501603202,27.8703903486965,16.1219423902363,11.1457309820551
E07000227,Horsham,5.33292063434263,2.03193561895745,7.16093439906779,11.8292882763141,8.96930580874021,4.35443800346307,14.7805424178034,11.5561786501102,7.83010030388192,11.2512987976844,6.81842278250175
E07000228,Mid Sussex,5.57229702659862,1.56595655733422,7.77752617185459,13.5902036266091,8.05735980239685,3.77894488865485,14.1720291720292,10.611576582069,9.66609466609466,11.5478992937797,6.33204325100746
E07000229,Worthing,9.16588725448516,3.54136553014199,9.02559306181447,24.2623926536859,12.0968368091681,5.73155240771392,19.3769113149847,9.98001870589236,10.5561926605505,14.7757539885388,8.28243966746482
E06000022,Bath and North East Somerset,6.89927225736244,2.30973270761069,8.5329524586819,21.9791879208325,9.66132156130586,5.60080291633981,16.0752431597128,14.4378698224852,9.87182983365149,12.112600536193,8.42972041363462
E06000028,Bournemouth,14.0347682521184,3.77060723043679,8.5803773035181,25.8977347221211,11.3706442768462,7.24747853273089,18.6096320800475,11.1758564595625,16.2073344196718,14.2614156744734,9.33897393402823
E06000023,"Bristol, City of",13.1006254548638,2.83835028755602,11.2357521600902,28.9000640229388,13.2884699827422,7.66003749983139,16.7487868782021,20.2919883773742,22.1378965705666,13.3621145484066,10.4607690058661
E06000052,Cornwall,5.7654662331969,7.21562227363286,8.78600974872932,17.3345949676417,13.427150242593,5.93458225408108,21.3640368758137,12.0036112835248,4.25439577059141,15.9492668274794,11.3398721384156
E06000053,Isles of Scilly,12.0323559150657,26.2891809908999,3.43781597573306,49.747219413549,7.03182827535159,1.62866449511401,13.9809350885157,18.0990899898888,5.26554698138902,12.3921085080148,9.4944512946979
E06000024,North Somerset,4.60743309871128,1.84297323948451,8.76829088600995,17.1727475716051,11.441341325914,5.02989157969399,19.1246309844693,9.18426332075215,5.93041280372817,15.0090814023887,9.50864109196984
E06000026,Plymouth,8.62341844529628,4.88166357140897,10.5674842416314,27.8463410394577,14.3308969473517,8.16842374698044,20.3569645531702,19.29885551703,7.06791375436845,15.9625832959653,12.7699623538736
E06000029,Poole,5.88698252793956,2.34534865417913,8.9831575633559,17.7002990713049,12.6987411247114,5.39870616275111,18.4279860476142,11.5284117739651,8.09170645805818,15.1469579193729,10.3100826197705
E06000025,South Gloucestershire,4.71461250906656,1.71195298406145,9.36041213338541,13.0595696404992,10.6704348445627,4.75748149428267,15.5704483439701,9.88766761516859,8.05123931087237,14.091693164578,9.79019889020512
E06000030,Swindon,6.95337256677229,2.18085106382979,9.38886373924853,21.5708465368945,13.1348977828966,6.54309238385444,15.4439748321827,16.2765957446809,15.3607833387519,16.0442627206646,12.4454828660436
E06000027,Torbay,7.64785629554313,4.95678698525674,10.3931537027622,25.5261820030503,16.0972002651844,8.13620915912379,24.0159133774693,8.06981867480088,5.19017402393115,17.2436170212766,12.7446808510638
E06000054,Wiltshire,4.53309577020917,2.101506740682,8.98637445029198,14.7584374388498,11.2377557083439,4.73868865904224,15.9760160176313,14.7229059600194,6.6363611270943,13.611507825498,10.0714085896435
E07000040,East Devon,3.63460919909939,3.87330500584043,7.35555517936043,15.928289685294,11.7860587226747,4.21501821616516,21.0173867745759,9.33622251189247,3.78613436813456,14.608436981311,9.0858140587614
E07000041,Exeter,9.25023354047358,5.31863043743146,9.38832703789448,27.0561715608627,11.1823458791787,6.24188352756649,16.7177536447233,17.0301774907599,11.6834928209352,13.60113463772,9.98280175109443
E07000042,Mid Devon,4.42029427926003,5.57421087978509,7.92783442212589,14.3354295134013,13.9326080067603,4.39425907113646,17.3633440514469,12.62287074913,4.11061093247588,15.0697441223342,11.191290490089
E07000043,North Devon,4.8548786280343,5.24486887827804,8.8772780680483,19.0220244493888,14.5448117376701,5.18696154187761,19.6429905943395,10.7897302567436,4.09429147938975,16.413112714237,12.0609714548121
E07000044,South Hams,4.05610722231266,5.02468934830973,7.61842747843073,13.348526778447,9.52628008141438,4.07755195018856,19.2121722395959,11.3815182592653,4.16045224921819,12.4964943827639,7.94991504033522
E07000045,Teignbridge,4.79232635223969,5.03675721719164,8.34953613688128,16.0602188767291,12.3029362169107,4.79803954706777,20.620672999517,8.91246782586153,3.8158106585091,15.1926322495557,10.2536017256988
E07000046,Torridge,3.70899735582077,6.41749446151647,7.80747516615451,16.2688487100693,15.4865294838693,5.81202931343082,21.052961355911,9.01879511184164,2.90418082990022,17.4285099978499,12.0146205117179
E07000047,West Devon,3.46314631463146,5.59295929592959,7.25632563256326,12.8580858085809,11.8994482673114,5.09559203465956,20.025021940881,9.4961496149615,3.64125259089127,14.2138106366041,9.34490639685678
E07000048,Christchurch,6.14202561117579,1.92316647264261,7.33410942956927,17.895227008149,11.7385640947054,5.36659478533621,22.4074384318981,12.9639115250291,4.89613000502597,15.1386123449227,8.73334354418747
E07000049,East Dorset,3.25311468427218,1.66915131508892,6.95080396123949,10.3290384410606,10.8452820991917,3.8013100988897,19.7037835853429,8.3058247258013,3.77440745244706,13.1881992563107,8.10686847838551
E07000050,North Dorset,4.48552493896059,2.47296825950471,6.95151726543425,12.0230205790024,12.2010089063745,4.27041982437147,17.5247510315968,13.4809905824904,5.31764431418865,13.5449735449735,11.7317867317867
E07000051,Purbeck,4.57029055813716,2.87494255221365,8.04269008834193,14.4615227493234,12.8502487748307,4.50644783118406,19.476130122518,12.4904253689425,3.82451693238165,14.9139874610087,10.5222520769635
E07000052,West Dorset,3.85256612445366,3.65655837426215,7.04050826837291,15.682872977966,11.6961821928813,4.00239744272776,20.2621292714378,13.8759969359708,4.28453417150226,13.9186173765972,9.2994499637573
E07000053,Weymouth and Portland,6.44121254599614,3.9355177851761,9.83353776064482,24.734536534081,14.5388415128653,6.75932793705053,21.6382524897571,13.6463991589276,5.07465434959412,16.6844227193917,12.3331453280692
E07000078,Cheltenham,8.33513322468535,2.98258359677198,7.9345755856192,22.0345971843154,10.2309628451075,5.8236845122091,15.1263263401652,12.2268255807104,11.7443749351951,12.7738413288419,8.18213497502614
E07000079,Cotswold,3.56551495750083,2.21326857269014,6.52389888508665,12.6200463627332,11.0466149381034,4.01254225662633,16.1303555700341,14.8691908599183,5.54650643693971,12.8123179359134,8.73408239700374
E07000080,Forest of Dean,3.82240173266602,2.47900020487605,8.01650715602775,14.3618111042819,15.2508781224858,6.01861167002012,19.598345554593,12.4008546258085,3.33573284854992,15.7919159443828,12.0631080028505
E07000081,Gloucester,7.8013621110736,3.27224351210214,10.1661934356571,22.5800687012291,14.3734427302242,6.76583867396423,16.7913023469857,13.3312153763676,15.4296232989284,17.3607519507095,12.0809066582717
E07000082,Stroud,4.05071766330502,2.39988283048081,7.65995731681801,13.8741264593882,10.9386117198395,4.5313016403138,16.7158779560024,12.7568314014311,5.10112698286028,14.2663656884876,9.91031663717894
E07000083,Tewkesbury,3.77782838922735,2.69031486648067,7.60120708307237,13.5939190343335,10.8517374972959,4.49991631398991,16.5029349669893,11.9284860217503,6.02003831931953,13.9817374549719,8.79617994470973
E07000187,Mendip,4.88549949086812,2.79697554000477,8.92822323807873,15.0031414520008,13.0894621620022,4.79050769771009,17.820441255868,11.8573564139784,5.75773936437925,15.3319008810853,11.1769417568306
E07000188,Sedgemoor,4.36261552017377,3.90565767094937,8.71908362533555,16.4791705088011,15.9203485814043,6.09022151159657,19.646908925891,12.1944222454458,4.70293573498097,17.4288023352593,13.570075871802
E07000189,South Somerset,4.35821067322772,3.61577531258543,7.78981597387088,14.6501489187206,13.1237218813906,4.50486910332617,18.1707112866915,13.9523172328456,5.03587752646627,16.556697469557,11.6037654374298
E07000190,Taunton Deane,5.46400324045452,3.08695930244953,8.93470057773893,17.457948707016,12.6187644095922,4.6843586650583,18.2662201530126,15.6074786279233,6.50439707043481,15.7245853448385,10.1823342329671
E07000191,West Somerset,4.09012353581258,5.29987838443321,6.84247583690713,17.6278563656148,15.6193078324226,4.88659657475369,23.7952415284787,14.6450745695449,4.17015140591204,16.879364314953,11.421462396661
W06000001,Anglesey,3.36013597437406,5.31803621625155,9.83526181604236,18.0329476367915,16.1561405169965,8.11023622047244,23.0993104041519,14.6662744328953,3.44367822683546,16.299342752568,11.5864457475698
W06000002,Gwynedd,4.7452975816134,7.56770148457302,9.31717264116784,21.4014826672765,14.831822440389,7.20551942788176,20.5195529809475,16.3150572675471,5.58117399937641,14.9438214884213,10.9590273638276
W06000003,Conwy,4.3066221154034,3.63053715536276,9.7211638040526,21.7441428766829,15.8993229319988,7.11526890903092,24.2258825979797,11.6185004982707,4.61432985038359,16.6507948135668,11.2299465240642
W06000004,Denbighshire,4.54052187638731,3.05085581808316,10.8321412716421,21.0008385537414,17.0990173582526,7.55940536111436,23.4653380843664,13.1332313915059,4.43062282629569,16.6410544358414,12.1076895797624
W06000005,Flintshire,3.84754080368762,1.64469042504821,10.943697966479,16.9862498236152,15.3824748005689,6.3594518118635,19.4503822800414,15.1314654834512,4.14475496046057,17.1466726018251,13.0505230358335
W06000006,Wrexham,4.77651721054201,1.96917357835487,11.257430430132,22.1764365498255,18.875543951262,7.15657732825115,20.6942837649432,22.4499815883147,6.94654563792234,18.2215196927785,14.0266083026821
W06000023,Powys,3.56671522838289,3.56671522838289,8.98963064529951,15.0089982003599,15.405137968611,4.98859749144812,21.3850619660691,13.9874882166424,3.912736132836,15.2692335717037,10.8703119632764
W06000008,Ceredigion,5.69672390849756,5.92801470122299,7.93042266016095,18.3860338381598,11.6847326841815,7.78862032727819,21.1071889570875,10.1261010075407,6.85572034456416,12.1470255204251,8.13866387945301
W06000009,Pembrokeshire,4.32777380369715,3.97387146568277,11.023681337299,17.8758329882158,15.9863714723968,6.93634334269461,22.5067176308202,15.6470012424231,4.36707258308219,16.9087667094459,12.1148451430454
W06000010,Carmarthenshire,3.43655253777163,2.31006355529057,11.3181697091172,18.8077991602075,17.4647161750469,6.60065212421643,25.3976286477633,14.8067335625214,4.45431147532063,16.7080418265252,13.0075979839013
W06000011,Swansea,6.26781452602491,1.35559484815985,11.6834304375972,25.7592007497802,16.5552433549721,7.92042834969646,23.310727419537,19.2063538073567,8.52135568543613,15.0216702171542,11.5442643144922
W06000012,Neath Port Talbot,3.76864868445018,1.11602338019307,12.2447965823854,25.5112347457487,21.9525604775369,8.12396641648645,27.9747088948016,19.1164538936632,3.11990387091237,18.0364321364069,16.8576311343289
W06000013,Bridgend,3.68794326241135,.864735537896266,11.8772964197214,21.9072032812099,20.8050676131003,7.94187225413991,24.6870913506445,13.8408954968811,3.96758108321718,17.4942852974077,14.9798161568017
W06000014,The Vale of Glamorgan,4.01644706102233,1.70825156527427,11.2307261003645,19.3776282590412,13.7635464260091,7.10473214866888,20.2863791793313,11.8755256518082,5.63893110435664,14.2142981615405,9.20972379541692
W06000015,Cardiff,10.4463477766788,2.20332919463793,11.1106434619135,29.0410151728782,14.8116499623258,8.78795128697388,18.0100551879569,17.0977223145829,19.7324395388483,12.0176126146895,8.68566247099144
W06000016,"Rhondda, Cynon, Taff",4.28243179514965,1.26526393947603,13.0951305900886,27.0692232824619,23.0267323367301,8.7786009309644,25.8474467812807,13.7192338179665,3.70888613966981,17.2307567118287,16.0403843135887
W06000024,Merthyr Tydfil,6.2232113419057,1.07566765578635,14.7790966040224,29.7271678206396,26.1867213373285,9.95103055108902,26.8630318696643,21.0929772502473,5.38587122886977,18.2884939022985,17.9703529520253
W06000018,Caerphilly,4.37438741121658, ,12.9888961989286,24.3518307173834,22.8960266059863,8.89195347163929,25.3710725590864,18.7462237677735,2.74431506772703,17.4081710576556,16.5475372279496
W06000019,Blaenau Gwent,5.27682798527091, ,13.8348237769595,28.9683061546554,27.1273748996521,12.16807148742,27.2280631391984,23.9479221462388,2.66422207580142,20.7396398309174,19.5738192205987
W06000020,Torfaen,4.51406915169764,.988993873948707,12.280656214308,23.5956806146818,20.2582531368011,8.25820579122697,24.0977216579742,23.6216384591424,3.14685698600055,18.7907483322492,15.7245072382652
W06000021,Monmouthshire,3.56236758820914,1.61378913504041,8.54758977846363,15.1884497685246,13.0592287238789,5.61189214104632,20.1395048344886,13.8309837051762,3.89934627640353,13.0243393286641,10.5707413738333
W06000022,Newport,6.42777741450337,1.34865624795658,12.9896030863794,27.9147322304322,19.3991166020497,9.46039333122175,20.8019981336115,19.8162558033087,13.0235494318494,15.7683491692109,13.3116481676986
