LAcode,LAname,Nocarvan,Unemp,LLTI,Sochous,Ethnic,Troutine,random
E06000005,Darlington,27.96657382,8.413305295,19.63074533,15.48746518,6.314652723,29.88060286,1
E06000047,County Durham,27.22304884,7.899149945,23.6313474,20.10875636,3.424895079,32.7371833,0
E06000001,Hartlepool,35.28713459,13.3781921,23.16142913,23.53217589,3.372886513,34.44853602,0
E06000002,Middlesbrough,37.5644634,14.38991618,20.86379794,23.86937748,13.94821258,32.61628427,0
E06000048,Northumberland,22.04729525,7.344754026,20.72537876,18.65318261,2.826015416,28.3885878,0
E06000003,Redcar and Cleveland,28.41204597,11.4973391,22.72354025,19.4077678,2.403515391,33.28896821,0
E06000004,Stockton-on-Tees,25.92756351,9.623767404,19.00109598,17.21219318,6.599342414,29.38345159,0
E08000020,Gateshead,36.510981,8.405817695,22.15229704,27.975189,5.923162216,32.22536619,0
E08000021,Newcastle upon Tyne,41.70016986,10.97602623,18.76563744,29.74742431,18.08035635,24.55370565,1
E08000022,North Tyneside,31.61728463,7.982151226,20.61991723,21.55320664,4.912824139,27.81410382,1
E08000023,South Tyneside,38.45638483,11.18807725,23.27799793,31.5690741,4.932254079,33.65907819,0
E08000024,Sunderland,35.14921759,10.43442408,23.43034271,27.05372501,5.189360667,33.60074336,1
E06000008,Blackburn with Darwen,30.51627639,9.861315753,20.23269532,18.11762244,33.45673237,30.38681441,0
E06000009,Blackpool,36.71912626,10.64981135,25.57350509,10.87358429,6.351318059,31.89292285,0
E06000049,Cheshire East,16.12445983,5.434058705,17.51587968,11.37787646,6.447246486,22.72681978,0
E06000050,Cheshire West and Chester,18.59207308,6.367789317,18.5053154,14.71133044,5.338159268,25.16008307,0
E06000006,Halton,26.97328932,9.356894554,21.36449668,25.21195978,3.607271802,33.10393925,0
E06000007,Warrington,19.27296218,6.518909778,17.30571434,15.64247122,7.051446882,26.16401603,0
E07000026,Allerdale,20.79348211,5.942852316,20.77015619,19.10024796,2.423720728,33.34131703,0
E07000027,Barrow-in-Furness,29.92890085,7.923118636,24.63994673,11.06200359,2.915164937,34.64962918,1
E07000028,Carlisle,24.68247073,5.968778696,19.17990402,15.29518845,4.961682973,33.04497617,1
E07000029,Copeland,23.39206183,7.031997911,21.33195473,18.56169767,2.725096667,32.71033357,0
E07000030,Eden,13.93481752,3.458886335,18.01232783,10.0724732,2.958298455,27.25183942,0
E07000031,South Lakeland,15.34198316,3.344481605,18.83019159,10.42490119,4.407763993,24.51899619,0
E08000001,Bolton,28.31289582,8.708286039,19.839515,20.4733138,20.59063681,29.11176098,0
E08000002,Bury,23.91791379,7.167109617,18.81605966,14.98214126,14.67794229,25.13605619,0
E08000003,Manchester,44.5179515,12.25049869,17.76171821,31.55696715,40.72331638,23.55796852,0
E08000004,Oldham,31.16283736,9.642589784,19.709467,21.08959567,24.42985011,30.40528276,0
E08000005,Rochdale,31.36421784,10.31632973,20.95380706,23.12568531,21.35957184,30.32499247,1
E08000006,Salford,36.86700915,9.648244675,20.69695169,28.79504809,15.59762838,28.43510458,0
E08000007,Stockport,21.95541856,6.399166673,18.44815109,13.62529616,11.02497573,22.43241927,1
E08000008,Tameside,29.62728929,8.338999871,20.94207656,21.52433309,11.49395415,31.35594795,1
E08000009,Trafford,21.68091952,6.168346074,17.03739992,16.38901825,19.58619107,20.51275752,0
E08000010,Wigan,24.64035898,8.033298256,21.49479784,18.91909727,4.508430104,32.84086344,1
E07000117,Burnley,32.28229028,9.082259953,22.5215084,14.06391478,14.4672004,33.61209291,0
E07000118,Chorley,17.0551437,5.307582001,18.42004573,13.00785859,4.911576688,25.83832597,0
E07000119,Fylde,19.06836749,5.460916135,21.86332616,7.473125985,4.93155748,21.29106776,0
E07000120,Hyndburn,28.23447191,8.137167911,21.74176927,12.78064122,14.73976268,31.97957365,0
E07000121,Lancaster,24.61346892,6.738664216,19.45943993,9.9650652,8.492140921,24.96805297,0
E07000122,Pendle,26.78858306,8.204919602,20.91400975,11.60169219,22.78093279,31.99875854,0
E07000123,Preston,30.97955426,9.121949102,18.17734412,19.2141331,24.22219369,26.53504347,0
E07000124,Ribble Valley,13.0047827,3.324682612,16.70867465,7.635683094,4.157039838,20.51350369,0
E07000125,Rossendale,21.50526533,6.867788531,19.87290753,14.60527221,8.040363626,27.67049426,1
E07000126,South Ribble,15.61971281,4.914323798,18.0052633,10.50930545,4.737889361,25.10502374,0
E07000127,West Lancashire,19.77259205,7.345178797,20.00090346,14.66693109,4.436012106,26.3440399,0
E07000128,Wyre,20.54736575,5.771793112,23.75984928,7.193164273,3.246433842,25.29003515,0
E08000011,Knowsley,37.08070381,11.51786626,24.50494541,26.63437862,3.946728082,33.56506994,0
E08000012,Liverpool,46.1375687,13.27872464,22.43066797,27.83575043,15.20748689,27.1763862,0
E08000014,Sefton,28.48469431,8.525697117,22.6673728,14.46875265,5.172212279,26.22189034,0
E08000013,St. Helens,26.68744058,8.918097409,22.96643622,20.59390514,3.400871609,32.48394864,1
E08000015,Wirral,28.01974634,8.861404049,22.57906143,15.17182021,5.034976844,27.297261,0
E06000011,East Riding of Yorkshire,17.61843504,6.146958673,19.14093944,9.108451256,3.851229431,26.33859133,0
E06000010,"Kingston upon Hull, City of",40.63021777,13.59868249,19.65281624,28.09513659,10.32971147,36.70269136,0
E06000012,North East Lincolnshire,30.81613037,10.85078078,19.4967923,14.47630797,4.621090617,36.41936403,0
E06000013,North Lincolnshire,20.67936167,7.902009746,19.27725953,15.41367212,7.715920356,34.00093191,0
E06000014,York,26.10111069,6.043714673,15.33695866,13.97812141,9.814643703,23.10450033,0
E07000163,Craven,17.19887727,4.099464812,17.93390965,8.99808811,4.632821383,22.35620132,0
E07000164,Hambleton,13.34312774,3.962953068,16.85550819,12.91549702,3.6717523,22.27415524,0
E07000165,Harrogate,16.42424333,3.971172412,15.59457525,9.138144084,8.330957946,20.62295024,0
E07000166,Richmondshire,13.3221161,4.34315586,15.24680073,10.80318701,6.637159627,21.77118907,1
E07000167,Ryedale,14.64659918,4.478026337,17.75617862,12.85739655,3.7661108,26.73957585,0
E07000168,Scarborough,28.77313644,7.660048099,22.40309579,12.4082128,4.750305626,30.56440744,0
E07000169,Selby,14.91651958,5.445878491,16.3908495,12.04027894,4.509341035,27.10937879,0
E08000016,Barnsley,26.9104771,8.715786066,23.9026732,20.87874998,3.917031757,35.2237317,0
E08000017,Doncaster,27.75146853,9.597839675,21.67148365,17.7117016,8.155369343,35.45366878,0
E08000018,Rotherham,26.55388622,8.918763235,21.99471393,21.50554514,8.100901741,33.01305072,0
E08000019,Sheffield,33.03990815,9.751479558,18.76522079,24.7542709,19.15349793,25.32846396,0
E08000032,Bradford,30.50688423,10.33357733,17.32733342,14.80862636,36.1418848,26.89498303,0
E08000033,Calderdale,27.32873698,8.015036126,17.9564923,15.22663928,13.29271045,27.25085033,0
E08000034,Kirklees,26.43711281,8.314953253,17.74448584,15.28598185,23.33202354,27.38530049,1
E08000035,Leeds,32.06122347,9.033661792,16.72395324,21.95192704,18.86544642,24.14321858,0
E08000036,Wakefield,26.862706,7.959931197,22.06655475,23.59380119,7.214036466,35.4394453,1
E06000015,Derby,28.93586647,9.256801866,18.67562874,19.80033441,24.6695504,28.7013849,0
E06000016,Leicester,36.85279188,12.22868934,17.3226938,25.39695431,54.93892475,31.70927045,0
E06000018,Nottingham,43.67919068,13.59350707,18.11763936,29.7198944,34.57537294,27.3949464,0
E06000017,Rutland,12.39168111,3.900112233,15.48877412,11.23183576,5.694559662,20.82655626,0
E07000032,Amber Valley,19.22009278,6.291970803,20.28387118,12.32793368,3.532855309,31.27719252,0
E07000033,Bolsover,23.35904393,7.948284327,24.65794954,18.18542118,3.701262753,37.4045938,0
E07000034,Chesterfield,27.09205915,7.867335892,23.05950592,23.14727755,5.13739546,32.40848591,1
E07000035,Derbyshire Dales,14.82240437,4.337100568,18.54153777,12.15196461,3.207435739,23.54457655,0
E07000036,Erewash,22.39176867,7.229291633,19.30389629,13.01035078,4.82508186,30.8501495,0
E07000037,High Peak,19.5963642,6.214305429,18.1138054,12.69706773,4.137877921,25.70004007,0
E07000038,North East Derbyshire,18.67192942,6.304554668,21.97671248,20.38774089,3.085141836,29.83800708,0
E07000039,South Derbyshire,13.46173574,4.99847235,17.47788312,9.943065244,6.009872002,27.5925126,0
E07000129,Blaby,13.03055369,4.808082447,15.75680136,7.620327767,11.45077996,24.62732285,0
E07000130,Charnwood,18.06632991,6.068332483,15.5743528,11.80317518,15.72667068,23.59742972,0
E07000131,Harborough,11.8258926,3.844933841,14.55107634,8.375838157,7.191211262,20.02810395,0
E07000132,Hinckley and Bosworth,14.58448112,4.991350269,16.97025067,10.32461379,5.365537981,27.03433013,1
E07000133,Melton,15.1279665,4.624626894,15.58083214,11.17729176,4.992456725,27.33865512,0
E07000134,North West Leicestershire,15.64352893,5.616964155,18.11315102,14.30689021,4.656138999,29.22136647,1
E07000135,Oadby and Wigston,17.08608651,6.253430422,17.30639131,7.544870894,29.43920242,23.90862073,0
E07000136,Boston,20.76508739,6.893428286,20.17420363,18.19281082,16.11460928,40.2845305,0
E07000137,East Lindsey,18.34784037,7.520405874,25.95435517,11.01166037,3.433992419,32.51340965,0
E07000138,Lincoln,29.55681105,10.08917355,18.45821618,21.91839297,10.57076576,30.05434707,0
E07000139,North Kesteven,13.02531976,4.891355294,19.11920272,10.21056295,4.10426294,25.32690546,0
E07000140,South Holland,14.60390726,6.427902622,20.61515804,12.68784886,9.857256146,35.26282854,0
E07000141,South Kesteven,16.67131696,5.449100913,17.28779861,13.42947824,6.373516309,27.06871217,1
E07000142,West Lindsey,15.12830533,6.450714037,19.92605042,11.06161261,3.667226891,26.81936793,0
E07000150,Corby,26.56355344,7.582938389,17.74222512,20.93198493,14.99632683,41.7301161,0
E07000151,Daventry,12.01693683,4.95541624,15.56080829,13.94128985,6.930616754,23.71250806,0
E07000152,East Northamptonshire,13.35875722,5.354933063,16.23119922,13.28304638,6.548723564,27.07519919,0
E07000153,Kettering,18.76023274,6.296189851,17.10831773,13.06516209,10.72479273,29.63339223,0
E07000154,Northampton,24.38268474,7.640590582,15.83776978,17.03237876,23.44331326,28.0147994,0
E07000155,South Northamptonshire,9.272114526,3.677451817,13.94194086,10.09591843,5.946777166,20.10879158,0
E07000156,Wellingborough,21.10303522,7.496590074,17.8671904,17.70596126,18.74701417,32.0831129,0
E07000170,Ashfield,23.70265654,7.847472617,22.48006226,16.21409358,3.977505711,36.9537808,0
E07000171,Bassetlaw,20.07888057,6.766138412,21.80608348,15.89988881,5.493385786,33.27651401,0
E07000172,Broxtowe,21.57411363,6.546824853,18.80679898,11.14480991,10.49074319,25.65677369,0
E07000173,Gedling,21.46953332,6.687623061,19.33716742,9.981965187,9.680913839,25.40463955,0
E07000174,Mansfield,25.20032051,7.814569536,23.74743936,18.24919872,6.756265196,36.26855032,0
E07000175,Newark and Sherwood,18.64761241,6.027685611,20.34890304,14.4547188,5.756116255,29.86749064,0
E07000176,Rushcliffe,15.12163194,4.75394086,15.7285677,8.408421512,9.687840258,16.74571234,0
E06000019,"Herefordshire, County of",16.37661359,5.325600663,18.72932302,13.9212707,6.297792094,27.13838222,0
E06000051,Shropshire,15.79576476,5.363775255,18.56276276,13.45528016,4.60002156,25.99824916,0
E06000021,Stoke-on-Trent,30.88542877,9.856329168,22.69043565,24.16825471,13.56823877,37.54813794,0
E06000020,Telford and Wrekin,20.64016334,7.889784298,18.59986438,19.67631516,10.52862141,31.41013584,0
E07000192,Cannock Chase,20.19722605,7.607979393,20.73013072,16.91914224,3.509059941,32.84860392,1
E07000193,East Staffordshire,21.42388521,6.354520913,17.70247308,13.47484709,13.84802303,31.70878532,0
E07000194,Lichfield,13.56976519,5.662155388,18.14632305,13.21075102,5.355971943,24.19305216,0
E07000195,Newcastle-under-Lyme,22.12500476,6.959505605,20.84749457,18.71647582,6.749763867,29.72004115,0
E07000196,South Staffordshire,13.22371677,5.637714748,18.69306674,13.93000135,5.356465768,23.68864442,0
E07000197,Stafford,17.48918371,5.667359226,18.21210524,13.67610362,7.418869251,23.31521013,0
E07000198,Staffordshire Moorlands,14.83290242,4.917182116,21.06460981,8.855214019,2.521986283,28.33599223,0
E07000199,Tamworth,20.60284024,7.169932859,17.89410647,19.31872094,4.984833296,33.6230711,0
E07000218,North Warwickshire,15.50054238,5.854691539,19.24726675,14.40802727,4.055535847,30.74723847,0
E07000219,Nuneaton and Bedworth,22.41088198,7.743522261,19.46396066,14.4808484,11.07607064,33.53567163,1
E07000220,Rugby,17.51641791,5.695836546,16.10192356,14.31164179,15.85311017,27.08530903,0
E07000221,Stratford-on-Avon,12.75227238,4.050742636,16.87678964,12.92751502,6.394986928,20.62283421,0
E07000222,Warwick,18.48702261,5.167383184,14.82767639,13.40513642,16.6431768,18.94287686,0
E08000025,Birmingham,35.8166803,13.42672013,18.44293576,24.24720502,46.85991734,25.56954799,0
E08000026,Coventry,32.16452034,10.70820701,17.74577234,17.04149558,33.37077234,27.87713858,1
E08000027,Dudley,23.02047479,8.890502756,20.26939362,19.80410728,11.4644084,30.84868961,0
E08000028,Sandwell,33.90755403,12.47075973,20.90578875,27.52226374,34.16216813,35.99276564,0
E08000029,Solihull,19.74528214,6.988839528,17.86726923,14.91354467,14.23788188,22.4197897,0
E08000030,Walsall,28.79189776,11.69095386,20.75648942,24.08321122,23.05224582,33.19512017,0
E08000031,Wolverhampton,33.63770712,13.60348059,20.54675913,28.03762099,35.48522868,33.46316041,0
E07000234,Bromsgrove,12.46017237,5.090333076,17.56570586,9.973883521,6.404519581,20.31501172,0
E07000235,Malvern Hills,13.45150875,5.458413476,19.54817703,14.11585744,4.839811874,21.19524593,1
E07000236,Redditch,20.30700996,7.289030941,17.05892132,21.17101549,12.61429216,31.44122963,0
E07000237,Worcester,22.42757243,7.297138414,16.20464118,15.31325817,10.88611696,26.62778338,0
E07000238,Wychavon,12.85125136,5.058045957,17.60244219,14.48671815,6.079833083,24.15624525,0
E07000239,Wyre Forest,18.41107363,7.01497532,19.90201582,14.43526812,5.259504976,30.70191204,0
E06000055,Bedford,20.58703692,7.450556087,16.00276862,16.06594371,28.50602303,24.35304666,0
E06000056,Central Bedfordshire,13.23767469,5.453967362,14.3906188,13.39189073,10.34982959,21.73815213,0
E06000032,Luton,27.44403914,11.18704999,15.0525834,15.76864577,55.4480539,27.10938791,1
E06000031,Peterborough,24.87335017,8.055558517,16.65895192,19.4993448,29.07951272,31.19832525,1
E06000033,Southend-on-Sea,27.2945178,8.082693609,18.49382119,11.51209191,12.96916929,23.78906781,0
E06000034,Thurrock,20.09045274,8.458576274,15.56703973,18.44819014,19.09768238,29.60201185,0
E07000008,Cambridge,33.61304962,5.592245071,12.96874874,23.59678041,34.00825079,14.94459876,0
E07000009,East Cambridgeshire,13.02941007,4.446849772,15.39287504,14.283238,10.26032594,24.04387785,0
E07000010,Fenland,18.12900049,7.086325505,21.02622242,12.44214673,9.564149399,35.29411765,0
E07000011,Huntingdonshire,13.61689239,4.918413116,14.92731906,12.89285045,10.5092385,23.76621512,0
E07000012,South Cambridgeshire,10.95897265,3.660449933,13.93432154,14.25283522,12.73436187,17.79196318,0
E07000066,Basildon,21.94209991,7.468428344,17.3848261,21.96134495,10.47697095,26.38419651,0
E07000067,Braintree,16.16237734,5.862576171,16.39199369,16.47199515,6.849147426,25.7107517,0
E07000068,Brentwood,14.86327743,5.097708345,15.55549517,11.70136396,10.75121262,16.26730112,1
E07000069,Castle Point,16.77552141,6.155873494,19.0294395,5.348518112,4.622149504,26.54194906,0
E07000070,Chelmsford,15.67600155,5.467929684,14.44358624,13.09084646,9.69639356,20.22588182,0
E07000071,Colchester,20.57821705,6.504788732,15.7984446,13.49778038,12.49234432,22.81233957,1
E07000072,Epping Forest,15.31995922,5.857060959,15.72369424,15.00836683,14.7811229,18.64999669,0
E07000073,Harlow,24.91623339,8.018790754,17.09460119,31.21894858,16.14395197,29.84199492,0
E07000074,Maldon,12.57698416,5.077356759,17.42361551,10.40012395,4.24800013,23.15553011,0
E07000075,Rochford,14.52151114,5.128825451,16.95582744,7.588487665,4.393242643,21.3272652,0
E07000076,Tendring,23.35077691,8.716395041,25.54328929,8.442154416,4.623029671,31.38897476,0
E07000077,Uttlesford,10.05875591,4.120716818,13.64500334,12.6484864,7.701119041,18.41081876,0
E07000095,Broxbourne,17.53943385,6.630929039,15.25601171,14.0660683,19.17871145,24.6971109,0
E07000096,Dacorum,16.41529581,5.720106359,14.73002548,21.76415629,14.02169185,20.59381285,0
E07000097,East Hertfordshire,12.77197448,4.34764714,13.10581246,12.69950687,9.747470713,17.74050133,0
E07000098,Hertsmere,17.01694404,5.897349081,14.86439204,17.42671829,24.27347522,17.91332802,0
E07000099,North Hertfordshire,16.64919702,5.3137187,15.0903913,19.28648972,15.1242192,20.46333734,0
E07000100,St Albans,13.54827218,4.3395756,12.86398794,12.16957606,18.85272707,13.85397995,1
E07000101,Stevenage,22.75202017,7.505322924,15.73067165,28.37411886,16.8848339,26.31665246,0
E07000102,Three Rivers,14.15631765,5.055525703,14.458811,15.14754472,20.34769862,17.03395259,1
E07000103,Watford,22.15315831,6.273159336,13.62111162,16.32180148,38.12360882,21.30195368,1
E07000104,Welwyn Hatfield,20.28523605,7.268034725,14.39182159,26.92087222,23.50205817,19.59540692,1
E07000143,Breckland,15.52119445,5.911535015,19.65269635,13.77684844,8.780682193,32.05912334,0
E07000144,Broadland,11.44817759,4.298532603,18.71700656,8.562696865,4.062705582,25.66635292,0
E07000145,Great Yarmouth,27.19884028,10.61797753,22.46368617,17.24137931,7.192861622,35.98684398,1
E07000146,King`s Lynn and West Norfolk,16.42821983,6.355668236,21.2823243,13.32708767,7.796488325,31.57958927,1
E07000147,North Norfolk,16.19033141,5.994739028,23.26032769,12.82196065,3.446339373,29.64404511,1
E07000148,Norwich,33.36427991,9.387955245,18.39380584,32.66300834,15.30050109,27.97759727,1
E07000149,South Norfolk,11.65899752,4.610274799,17.93374835,11.29542313,4.849530691,24.59115484,0
E07000200,Babergh,14.10905602,4.892432534,17.37291999,13.09098662,4.64326419,25.21918351,0
E07000201,Forest Heath,15.76686633,4.868071819,15.08000268,14.7343947,22.77231037,30.21360634,0
E07000202,Ipswich,27.76013124,8.465389016,17.64979308,21.59063144,17.06351586,32.36078092,0
E07000203,Mid Suffolk,11.30104699,4.151348672,16.55002016,11.27375577,4.118638286,24.78558075,0
E07000204,St Edmundsbury,15.91415222,4.911526088,16.40692563,15.98401817,8.800266647,28.21732042,0
E07000205,Suffolk Coastal,13.95496471,4.651401757,18.47415083,11.32603906,6.148932404,23.93654391,0
E07000206,Waveney,21.89729379,8.251023616,22.30638416,14.04791384,4.224582227,34.01321494,0
E09000007,Camden,61.10176964,8.153422743,14.44644138,33.11153034,56.0053191,11.93444283,0
E09000001,City of London,69.39566705,4.687173049,11.49830508,16.5336374,42.46779661,6.516568892,0
E09000012,Hackney,64.62877372,11.52691327,14.48978763,43.69161176,63.84862143,17.55600967,0
E09000013,Hammersmith and Fulham,55.24754932,7.63624301,12.58020856,31.1862514,55.07279731,13.81361987,0
E09000014,Haringey,51.8375754,10.18098714,13.98954991,26.71963121,65.31385579,18.09418736,0
E09000019,Islington,64.65111805,9.236846893,15.65603396,42.05181923,52.29981807,14.73517854,0
E09000020,Kensington and Chelsea,56.00234287,7.213723204,12.33477677,24.53779159,60.74920107,11.58470812,0
E09000022,Lambeth,57.84935816,9.186338635,12.75908488,35.08695017,60.98467102,17.07903925,0
E09000023,Lewisham,48.1458511,10.4822505,14.40274027,31.05494827,58.51677329,19.04244746,0
E09000025,Newham,52.0582354,13.9250563,13.8679282,29.64174194,83.27315705,22.27439094,1
E09000028,Southwark,58.38800219,10.13994234,13.52143553,43.71626447,60.27028996,18.19497575,0
E09000030,Tower Hamlets,63.00502681,11.97812939,13.50001574,39.60812586,68.81847806,15.58162725,0
E09000032,Wandsworth,45.32273762,5.957563151,11.20083389,20.3198639,46.66395218,12.63730172,0
E09000033,Westminster,62.90038952,7.848899659,14.07455013,25.85561396,64.75140841,12.0589157,0
E09000002,Barking and Dagenham,39.63490765,13.07294726,16.38418383,33.66627919,50.54138808,27.75852878,0
E09000003,Barnet,28.71185144,7.687207839,14.00251413,14.22496248,54.51083937,15.02729809,0
E09000004,Bexley,23.66852404,7.445018679,15.97132722,14.44538033,22.73606986,21.89085912,0
E09000005,Brent,42.9963912,10.22420574,14.42154138,24.1109479,82.04231801,21.70404662,0
E09000006,Bromley,23.47740368,6.271480412,14.97226819,14.07971757,22.59722294,16.03449283,0
E09000008,Croydon,33.46183022,9.252793484,14.61645999,17.85187228,52.73792029,19.02048295,1
E09000009,Ealing,35.33711578,8.864901523,14.1170457,18.11060428,69.55671312,19.32870187,0
E09000010,Enfield,32.46689349,10.44871966,15.35495062,17.57313453,59.53159704,20.6393065,0
E09000011,Greenwich,42.01593349,10.93289967,15.09838661,34.30352813,47.70130069,21.26101906,0
E09000015,Harrow,23.50951725,7.79596893,14.5798474,10.58883562,69.11769627,16.60076337,0
E09000016,Havering,23.00846717,7.384001892,17.25905443,14.19664811,16.69968638,22.59770464,0
E09000017,Hillingdon,22.66749157,8.078893294,14.30224578,16.71622727,47.82868991,20.44056301,0
E09000018,Hounslow,31.59575141,7.96126711,13.78304201,22.8467261,62.09437031,21.35235621,0
E09000021,Kingston upon Thames,25.13710146,6.29023164,12.43408722,11.78836877,36.88929152,14.16025336,0
E09000024,Merton,32.56091522,6.528588258,12.63539533,14.09652475,51.59670094,16.51091592,0
E09000026,Redbridge,27.94712678,9.668668431,14.83026849,11.39094899,65.49700685,16.83839153,0
E09000027,Richmond upon Thames,24.73977579,4.773163003,11.4695973,12.58971629,28.56195518,10.44498799,0
E09000029,Sutton,23.41315527,6.19582728,14.29901234,14.61099598,29.07870794,18.59995674,0
E09000031,Waltham Forest,41.898184,10.48733677,14.57043396,22.06873768,63.98863113,20.41125156,0
E06000036,Bracknell Forest,13.67757967,5.019122716,12.27595954,16.73569031,15.1274237,19.93599307,0
E06000043,Brighton and Hove,38.18907356,7.435458914,16.30360429,14.96379793,19.51611192,17.08413982,0
E06000046,Isle of Wight,22.52762544,7.91592274,22.59863306,10.67856266,5.182801143,28.79384844,0
E06000035,Medway,21.87291096,8.316947757,16.42663636,13.17779096,14.50071043,27.73308337,0
E06000042,Milton Keynes,18.92396332,7.314777763,13.8806612,18.01813682,26.07778282,24.27323097,0
E06000044,Portsmouth,33.38247166,8.827699281,16.02440309,18.26424719,15.96783318,24.47675742,0
E06000038,Reading,28.34306256,7.611986188,12.91602975,16.29101783,34.66518517,21.32901856,0
E06000039,Slough,23.4113383,8.921887042,13.39752505,20.63585865,65.47840662,26.69573354,0
E06000045,Southampton,29.51126672,8.727854821,16.2101806,23.27335274,22.33263819,26.51761089,1
E06000037,West Berkshire,12.44626243,4.460105286,13.18276969,13.84023099,9.607208332,20.70876542,0
E06000040,Windsor and Maidenhead,13.33698949,4.865067266,12.70337576,13.27871943,22.46748755,15.7050083,0
E06000041,Wokingham,8.986938938,4.227492069,11.90568727,7.021149639,16.36287084,14.59389167,0
E07000004,Aylesbury Vale,13.31873325,4.853641859,13.58355777,12.94124427,14.80271281,20.12939877,0
E07000005,Chiltern,10.87533156,4.308339298,13.43768554,12.37752395,14.09402494,14.70411881,0
E07000006,South Bucks,10.22478691,4.357160135,13.90820584,12.31802067,22.92012502,14.8487511,0
E07000007,Wycombe,13.68680096,5.558704178,13.12367458,12.74664387,24.07949011,18.74899346,0
E07000061,Eastbourne,28.68346219,7.426116616,20.95421076,13.22536213,12.58298797,25.54737275,0
E07000062,Hastings,33.26854394,9.364193831,22.11093137,14.54845842,10.66988721,27.98322127,0
E07000063,Lewes,20.12280411,5.684877964,19.54216324,10.92672056,7.470615987,22.46748185,0
E07000064,Rother,19.03515424,5.92120971,23.44902195,10.37747389,5.860599638,21.9913778,0
E07000065,Wealden,12.44655051,4.361848742,17.50125911,7.671197907,6.157875298,19.94352043,0
E07000084,Basingstoke and Deane,15.22758422,5.027769341,13.54477679,17.81144053,11.7527518,22.04993387,0
E07000085,East Hampshire,11.18117567,4.234047296,14.91505778,12.02124508,6.954536018,19.76844424,0
E07000086,Eastleigh,13.27788106,4.801191363,15.26849256,12.28702302,8.24766971,22.89423686,1
E07000087,Fareham,13.43309217,4.527043542,16.47861195,8.125979519,5.303770355,20.90815045,0
E07000088,Gosport,22.85351397,6.908804731,17.54980514,16.41264465,5.592941347,28.95006639,0
E07000089,Hart,8.042804844,3.734819498,12.0231125,7.654181921,9.336174794,15.67630548,0
E07000090,Havant,20.70316306,6.943431607,19.34224918,19.56110775,4.776938119,28.39519056,0
E07000091,New Forest,13.31615456,4.483233143,19.25740386,10.98400552,5.109882014,23.82490104,1
E07000092,Rushmoor,16.62447722,5.719522334,13.25594039,16.30805635,19.50387498,24.75018664,0
E07000093,Test Valley,13.49263008,4.193251277,15.22277015,14.39129887,7.435694771,22.383405,0
E07000094,Winchester,14.30705217,4.656458033,14.5177752,15.45503041,8.169304001,16.13113202,0
E07000105,Ashford,15.79509072,6.127874293,16.17976195,14.47046268,10.56156533,24.78279447,0
E07000106,Canterbury,22.9254085,8.195841911,18.07403487,12.19167037,12.48866982,20.53152404,1
E07000107,Dartford,19.17117836,6.806131858,15.13377497,14.83745416,17.35633955,24.62830553,0
E07000108,Dover,23.48996067,7.669381324,20.82579651,14.20823846,7.007897989,28.34278217,0
E07000109,Gravesham,22.87106428,8.392327467,17.04876131,17.3332344,22.90405033,29.03089178,0
E07000110,Maidstone,16.12684603,5.487858333,15.79510516,12.71297303,10.89833251,23.40171861,0
E07000111,Sevenoaks,13.06252658,4.715452943,14.87557989,13.22415993,9.012733587,18.58388755,0
E07000112,Shepway,23.65605015,8.053956763,21.0412248,11.20960763,9.206346266,26.48258872,0
E07000113,Swale,20.12053612,7.687753336,18.64173446,14.28802735,7.144697611,29.027351,0
E07000114,Thanet,29.75820409,10.1535865,23.36160255,12.66445987,9.568807476,29.02109008,1
E07000115,Tonbridge and Malling,13.75155796,4.95488105,14.85534539,16.12380557,7.568395348,21.94597096,0
E07000116,Tunbridge Wells,17.4651291,4.698137722,14.22958913,15.15241447,10.37297152,19.61682835,0
E07000177,Cherwell,15.63425469,4.328827164,14.14836327,12.11394726,13.65847125,25.83640783,0
E07000178,Oxford,33.49345372,6.972854401,12.40964807,21.35981941,36.38631785,17.18381925,0
E07000179,South Oxfordshire,11.61466805,3.858742463,13.77954222,11.39102469,9.067683622,19.13986707,0
E07000180,Vale of White Horse,13.10745441,3.953282269,14.20306146,13.32402291,10.2398585,19.82463962,0
E07000181,West Oxfordshire,11.94236951,3.506676412,14.4580498,12.45808376,7.428969545,22.00674868,0
E07000207,Elmbridge,11.76637315,4.234743375,12.09627507,9.859793659,20.14670487,12.98205961,0
E07000208,Epsom and Ewell,14.40370669,4.700932395,13.40310511,8.024442654,21.3749301,15.29259738,0
E07000209,Guildford,13.86804513,5.04757615,12.62255527,12.79899209,16.52755808,15.33305897,0
E07000210,Mole Valley,12.31718209,4.077513121,14.69048316,12.20553757,9.918594436,15.15515483,1
E07000211,Reigate and Banstead,13.8029338,4.621528307,13.97758189,11.917435,15.04915297,16.79186875,0
E07000212,Runnymede,14.70624198,5.155411611,13.85542169,12.86910803,20.0136629,17.15585436,0
E07000213,Spelthorne,14.83346831,5.019501774,14.92081424,12.42913545,19.02445658,20.08982207,0
E07000214,Surrey Heath,9.971382579,4.446747062,12.58358098,9.208251356,15.05038076,16.10964597,0
E07000215,Tandridge,11.79893228,4.428229665,14.83409239,10.82718493,10.7267645,16.12425787,0
E07000216,Waverley,11.90137987,4.107931205,13.88230843,12.31331169,9.362353173,15.54247404,0
E07000217,Woking,15.1620341,5.096573684,12.98917317,11.91881825,25.06401339,17.42979839,0
E07000223,Adur,20.59205401,5.612176478,20.10722108,13.06896168,7.09195515,25.31463748,0
E07000224,Arun,19.52448056,5.952798737,21.06034056,8.823793962,8.35618454,26.82259996,0
E07000225,Chichester,15.60945274,5.218617772,17.47280173,14.85917188,6.988944936,20.43140788,0
E07000226,Crawley,22.44014323,6.839949968,14.73024569,23.85845016,27.87039035,27.26767337,0
E07000227,Horsham,11.82928828,4.354438003,14.78054242,11.55617865,7.830100304,18.06972158,1
E07000228,Mid Sussex,13.59020363,3.778944889,14.17202917,10.61157658,9.666094666,17.87994254,1
E07000229,Worthing,24.26239265,5.731552408,19.37691131,9.980018706,10.55619266,23.05819366,0
E06000022,Bath and North East Somerset,21.97918792,5.600802916,16.07524316,14.43786982,9.871829834,20.54232095,0
E06000028,Bournemouth,25.89773472,7.247478533,18.60963208,11.17585646,16.20733442,23.60038961,0
E06000023,"Bristol, City of",28.90006402,7.6600375,16.74878688,20.29198838,22.13789657,23.82288355,0
E06000052,Cornwall,17.33459497,5.934582254,21.36403688,12.00361128,4.254395771,27.28913897,0
E06000053,Isles of Scilly,49.74721941,1.628664495,13.98093509,18.09908999,5.265546981,21.8865598,0
E06000024,North Somerset,17.17274757,5.02989158,19.12463098,9.184263321,5.930412804,24.51772249,0
E06000026,Plymouth,27.84634104,8.168423747,20.35696455,19.29885552,7.067913754,28.73254565,0
E06000029,Poole,17.70029907,5.398706163,18.42798605,11.52841177,8.091706458,25.45704054,0
E06000025,South Gloucestershire,13.05956964,4.757481494,15.57044834,9.887667615,8.051239311,23.88189205,0
E06000030,Swindon,21.57084654,6.543092384,15.44397483,16.27659574,15.36078334,28.48974559,0
E06000027,Torbay,25.526182,8.136209159,24.01591338,8.069818675,5.190174024,29.98829787,0
E06000054,Wiltshire,14.75843744,4.738688659,15.97601602,14.72290596,6.636361127,23.68291642,0
E07000040,East Devon,15.92828969,4.215018216,21.01738677,9.336222512,3.786134368,23.69425104,0
E07000041,Exeter,27.05617156,6.241883528,16.71775364,17.03017749,11.68349282,23.58393639,0
E07000042,Mid Devon,14.33542951,4.394259071,17.36334405,12.62287075,4.110610932,26.26103461,0
E07000043,North Devon,19.02202445,5.186961542,19.64299059,10.78973026,4.094291479,28.47408417,0
E07000044,South Hams,13.34852678,4.07755195,19.21217224,11.38151826,4.160452249,20.44640942,0
E07000045,Teignbridge,16.06021888,4.798039547,20.620673,8.912467826,3.815810659,25.44623398,0
E07000046,Torridge,16.26884871,5.812029313,21.05296136,9.018795112,2.90418083,29.44313051,0
E07000047,West Devon,12.85808581,5.095592035,20.02502194,9.496149615,3.641252591,23.55871703,0
E07000048,Christchurch,17.89522701,5.366594785,22.40743843,12.96391153,4.896130005,23.87195589,0
E07000049,East Dorset,10.32903844,3.801310099,19.70378359,8.305824726,3.774407452,21.29506773,1
E07000050,North Dorset,12.02302058,4.270419824,17.52475103,13.48099058,5.317644314,25.27676028,0
E07000051,Purbeck,14.46152275,4.506447831,19.47613012,12.49042537,3.824516932,25.43623954,0
E07000052,West Dorset,15.68287298,4.002397443,20.26212927,13.87599694,4.284534172,23.21806734,0
E07000053,Weymouth and Portland,24.73453653,6.759327937,21.63825249,13.64639916,5.07465435,29.01756805,0
E07000078,Cheltenham,22.03459718,5.823684512,15.12632634,12.22682558,11.74437494,20.9559763,1
E07000079,Cotswold,12.62004636,4.012542257,16.13035557,14.86919086,5.546506437,21.54640033,0
E07000080,Forest of Dean,14.3618111,6.01861167,19.59834555,12.40085463,3.335732849,27.85502395,0
E07000081,Gloucester,22.5800687,6.765838674,16.79130235,13.33121538,15.4296233,29.44165861,0
E07000082,Stroud,13.87412646,4.53130164,16.71587796,12.7568314,5.101126983,24.17668233,0
E07000083,Tewkesbury,13.59391903,4.499916314,16.50293497,11.92848602,6.020038319,22.7779174,0
E07000187,Mendip,15.00314145,4.790507698,17.82044126,11.85735641,5.757739364,26.50884264,0
E07000188,Sedgemoor,16.47917051,6.090221512,19.64690893,12.19442225,4.702935735,30.99887821,0
E07000189,South Somerset,14.65014892,4.504869103,18.17071129,13.95231723,5.035877526,28.16046291,0
E07000190,Taunton Deane,17.45794871,4.684358665,18.26622015,15.60747863,6.50439707,25.90691958,0
E07000191,West Somerset,17.62785637,4.886596575,23.79524153,14.64507457,4.170151406,28.30082671,0
W06000001,Anglesey,18.03294764,8.11023622,23.0993104,14.66627443,3.443678227,27.8857885,0
W06000002,Gwynedd,21.40148267,7.205519428,20.51955298,16.31505727,5.581173999,25.90284885,0
W06000003,Conwy,21.74414288,7.115268909,24.2258826,11.6185005,4.61432985,27.88074134,0
W06000004,Denbighshire,21.00083855,7.559405361,23.46533808,13.13323139,4.430622826,28.74874402,0
W06000005,Flintshire,16.98624982,6.359451812,19.45038228,15.13146548,4.14475496,30.19719564,1
W06000006,Wrexham,22.17643655,7.156577328,20.69428376,22.44998159,6.946545638,32.248128,0
W06000023,Powys,15.0089982,4.988597491,21.38506197,13.98748822,3.912736133,26.13954553,1
W06000008,Ceredigion,18.38603384,7.788620327,21.10718896,10.12610101,6.855720345,20.2856894,0
W06000009,Pembrokeshire,17.87583299,6.936343343,22.50671763,15.64700124,4.367072583,29.02361185,0
W06000010,Carmarthenshire,18.80779916,6.600652124,25.39762865,14.80673356,4.454311475,29.71563981,1
W06000011,Swansea,25.75920075,7.92042835,23.31072742,19.20635381,8.521355685,26.56593453,0
W06000012,Neath Port Talbot,25.51123475,8.123966416,27.97470889,19.11645389,3.119903871,34.89406327,0
W06000013,Bridgend,21.90720328,7.941872254,24.68709135,13.8408955,3.967581083,32.47410145,0
W06000014,The Vale of Glamorgan,19.37762826,7.104732149,20.28637918,11.87552565,5.638931104,23.42402196,0
W06000015,Cardiff,29.04101517,8.787951287,18.01005519,17.09772231,19.73243954,20.70327509,0
W06000016,"Rhondda, Cynon, Taff",27.06922328,8.778600931,25.84744678,13.71923382,3.70888614,33.27114103,0
W06000024,Merthyr Tydfil,29.72716782,9.951030551,26.86303187,21.09297725,5.385871229,36.25884685,0
W06000018,Caerphilly,24.35183072,8.891953472,25.37107256,18.74622377,2.744315068,33.95570829,0
W06000019,Blaenau Gwent,28.96830615,12.16807149,27.22806314,23.94792215,2.664222076,40.31345905,0
W06000020,Torfaen,23.59568061,8.258205791,24.09772166,23.62163846,3.146856986,34.51525557,0
W06000021,Monmouthshire,15.18844977,5.611892141,20.13950483,13.83098371,3.899346276,23.5950807,0
W06000022,Newport,27.91473223,9.460393331,20.80199813,19.8162558,13.02354943,29.07999734,0
